Yang_Eryth_TF,Yang_Lineage_Eryth,Yang_Granulocyte_TF,Yang_Granulocyte_Lineage,Yang_Lineage_Lymphoid,Yang_Lymphoid_TFs,Yang_Megakaryocyte_Lineage,Yang_Megakaryocyte_TFs,Yang S Phase,Yang G1S Phase,Yang G2M ,Yang Refined G2M,Yang Quiescent,WilsonMolO,Tusi_EPO_MPP,MPP2_Pietras,MPP3_Pietras,MPP4_Pietras,Yang_IFNg_response,Chen_early pre-DC marker,Chen_pre-cDC2 marker,Chen_pre-cDC1 marker,Yang_active_HSCs,Yang_Quiescent_HSCs,Yang_HSCs,Yang_MPP1,Yang_MPP2,Yang_MPP3,Yang_MPP4,Niche,Pia_HSC,Pia_MPP1,Pia_MPP2,Pia_MPP3,Pia_MPP4,Pia_MPP5
Tcfe3,Bcl7a,Tcfec,Atp6v1e1,1190002N15Rik,Aff4,Gbf1,Tcf12,Pole3,Ndufb3,Kif4,Nusap1,Zfp93,Procr,Ctnnd2,Pf4,Sgms2,Ccl3,Aqp4,Apobec3,Cybb,Gatm,B9d2,Slfn2,Casd1,Rpp30,Ankrd44,Mbc2,Spata2,Kit,1810010H24Rik,1700008O03Rik,0610010F05Rik,5430427O19Rik,1700025G04Rik,Myadm
Arnt,4930534B04Rik,Gm608,Ctbp2,Rgl1,Hif1a,Brp44,Nfia,Hist1h2ac,Dusp7,Ect2,Cenpn,Gimap6,Pdzk1ip1,Msrb3,Clca1,Ly6d,Birc7,Cxcl16,Cmah,Hpgd,01-Mar,Hdgf,Wbscr27,Hbb-b1,Asb6,Nedd9,Mkrn2,BC017158,Adipor2,1810021B22Rik,4933406C10Rik,0610010K14Rik,5830416I19Rik,1810034E14Rik,Myo1g
Tal1,Hdgf,Xbp1,Lta4h,Rufy1,Mxd1,Cysltr2,E2f4,Ccne1,Mcm10,2310014L17Rik,Cep78,Inadl,Ltb,Map3k19,Hist1h4d,Ighvq52.3.8,Rgl1,Gbp2,Cox5a,Ict1,Naaa,Gata1,Il2rg,Atp5a1,Utp3,4930402H24Rik,Trpc4ap,Col4a2,Adipor1,2410006H16Rik,6720489N17Rik,1700021F05Rik,Abca4,2410004P03Rik,Napg
Tcf12,Gata1,Cebpa,Tcfec,Paf1,Arnt,Pld3,Hmg20a,Hist1h2ap,Gypc,Nusap1,Pbk,Lass4,Mllt3,Ccl17,Aspm,Cybb,Kynu,Gbp8,Fdps,Ifi30,Ncf4,Mrpl48,Cdkn1c,Btf3l4,Fdft1,Gmpr2,Arfgap1,2900009I07Rik,Cd93,2510009E07Rik,Abca1,1700097N02Rik,Ada,5031439G07Rik,Ncoa2
Nfia,Caprin1,Cbfb,Stxbp5,Samhd1,Id2,Arhgap6,Smarce1,Hist1h2ag,Phlda2,Cenpn,Hist1h2bj,Pdzk1ip1,Ifitm1,1700017N19Rik,Pigw,EG434025  // EG434025,Gcet2,Ifitm2,Fkbp1a,Mgst3,Ndufa13,Caprin1,Tgtp2,Ak3,Lrp10,Arhgap30,Mapkapk5,A930008G19Rik,Scarb1,2900005J15Rik,Ackr1,2810025M15Rik,Adam17,AA467197,Ncoa4
E2f4,Senp3,E2f3,Snap29,Tmem86a,Mycl1,Mat2b,Hmgb3,Pcna,Exoc7,Cep78,Aurkb,Prdm16,Gimap1,Col1a2,Chadl,Rasgrp3,H2afy,Irgm2,Naa50,Ncf2,Ndufab1,Ran,Tmem176b,Rpl7l1,Ube2q1,Fntb,Frs2,Cgrrf1,Il2rg,4930486L24Rik,Adcy4,4933404O12Rik,Adgrl4,Aagab,Ndrg1
E2f3,Gclm,Sfpi1,Trafd1,Crygn,Tcf4,Tmem40,Mybl2,Hist1h1c,Stxbp1,Pbk,MDC1,Rab34,Gimap6,Serpina3f,Hist1h4m,Gata3,Fbxo32,Nos2,Ndufs8,Pla2g4a,Ndufb2,Cdca7,Mettl7a1,D19Bwg1357e,Appbp1,9130227C08Rik,Zfp566,Ppil4,Lrp6,4930556M19Rik,Agfg1,Aaas,Ahcy,Abcf2,Nfic
E2f2,Cd97,Fli1,Otud6b,2410001C21Rik,Ebf1,Lrp12,Mier1,Pole,Ywhah,Hist1h2bj,Top2a,1110020G09Rik,Limd2,Pknox2,Sec14l2,4933426M11Rik,Hmox2,Snca,Paics,Ralb,Ndufb8,Pbk,Mllt3,Trak1,Myadm,Os9,Zfp639,Tcf7l2,Itgb1,4930558K02Rik,Ahctf1,Aars,Aldh1b1,Abhd17b,Nfkbiz
E2f8,Asph,Ets2,Cox15,Slfn2,Satb1,Kif1b,Rcor1,Hist1h2bj,Cflar,Aurkb,Hist1h2ag,5730469M10Rik,Trim47,Col1a1,Fhl1,AA408296,Hmg20a,Ccl2,Ppia,Adrbk2,Rab32,Lig1,Gimap6,Eif4e2,2700060E02Rik,Sirpa,Cttn,Lztr1,Ccrl2,4931406C07Rik,Akr1c13,Aarsd1,Anxa2,Abi3,Nhsl2
E2f6,Dedd,Whsc1,Coro1b,Zscan2,Spib,Pcbp1,Smarcc2,Blm,Sass6,Nme3,D2Ertd750e,Speg,Neil2,Pros1,Gpr113,Trp53inp1,Apbb3,Dapk1,Prdx2,Rps6kb1,Rab43,Uba1,Mkl2,Sra1,Brd4,Tmed1,Gnb4,NR_002897,Lrp8,5330417C22Rik,Alox12,AB124611,Asgr1,Ablim1,Oasl2
Elk4,Gtpbp1,Pknox1,Rad54l2,Ifi44,Etv5,Sh3kbp1,Nrf1,Cdk2,Atp5f1,Mdc1,Mki67,Tbc1d24,Vwf,Plekha6,Kif4,Mmp19,Cd93,Gbp3,Prdx4,Arpc5,02-Sep,Mthfd1,Shisa5,Strap,4933439C20Rik,Dctn6,Lgtn,2310005P05Rik,Cxcr4,5730409E04Rik,Ampd3,Abcb4,Atp13a3,Abr,Osbpl9
Elf2,Mthfd1,Hmbox1,Dhdds,B630019K06Rik,Ets1,Gps2,Preb,Rrm1,Slc10a3,Top2a,Hist1h2ap,Traf1,Pde1b,Slc38a3,Mad2l1,Igk-V21-2,Arap2,Gch1,Ptges3,Dnajc4,Sod1,Plekhj1,Cish,Anp32a,6330577E15Rik,Rab17,Chmp1b,Dtx3l,Il15ra,9130008F23Rik,Arhgef28,Abcc5,Atp1b3,Acot1,Padi4
Hmg20a,Josd1,Zhx1,Nkiras2,Hnrnpa2b1,Foxk2,Ctnna1,Creb3l2,Rrm2,Slc22a21,Hist1h2ag,Cep55,Dcaf12l1,Neo1,Thsd7b,Elfn1,Igj,OTTMUSG00000000971,Il12b,Txn1,Rtn1,St3gal5,Serpinb1a,Hlf,Oat,Map2k1ip1,Fbxw8,Tex2,Vamp4,Csf1r,A930005H10Rik,Arl6ip6,Abcf1,Atp5a1,Acot10,Parp9
Smarce1,Lman2,Lass5,Ddx26b,Itgal,Tcf7,Ccnd3,Zbed4,Pola1,Mc5r,D2Ertd750e,Hist1h4d,Alcam,Sqrdl,Tmem42,Gm1964,Derl3,Il1r1,Kynu,Ube2a,S100a4,Ywhaz,Rangap1,Ifitm3,Heatr5a,Zcwpw1,Psme4,Alkbh5,BC013672,Itgal,A930024E05Rik,Arxes2,Ache,Atp6ap2,Adamts10,Pbld1
Hmgb3,Tcf12,Hoxa7,Ly6c2,Oxa1l,Irf8,Psap,Sp4,Pole2,Brip1,Mrps25,Hist1h2ab,Acox1,Sult1a1,Ccpg1os,Adamts5,Igh  // Igh,Dhrs3,Pparg,Tk1,Serpinb1a,Ckb,Pcna,Gimap1,Ngfrap1,Kif3a,Alg12,Mrpl9,Snx8,Itgb2,AA986860,Bcl2l1,Actb,Atp8b4,Adgrg3,Pcbd1
Pbx2,Ints8,Irf5,Arhgdib,Stat5b,Ncor1,Rab1b,Klf3,,Rabl5,Uxt,E2f8,Angpt1,Cd82,Ltbp2,Tpx2,Camp,Bend6,Stat1,2010107E04Rik,Slfn2,Nadk,Nfyb,Tbc1d10c,Ebna1bp2,Unc119b,Kctd21,Vps35,Sec11c,Lrp5,Abcb1a,Bivm,Actl6a,Bag1,Adssl1,Pcmtd2
Mybl2,Nploc4,Irf8,Bst2,Mdm2,Pparg,Ube2d2,Prdm4,,Gm14326,Mki67,Foxm1,Aph1b,Ramp2,Tcea2,Plxnc1,Il1rl1,Expi,Cdc37,Anp32e,Stard9,Nck2,Ppp2r5c,Mpa2l,Supt4h2,Taf1c,Sh3bp5l,Edc3,Tm7sf1,Sorl1,Abcg2,Brd1,Actr1a,Blmh,Aff3,Pcp4l1
Mier1,Smg5,Mbd1,Serpinb1a,Parp11,Rfx5,Pik3ap1,Klf1,,Yif1b,Rangap1,Cdca2,Airn,Ubl3,Stat4,ENSMUSG00000072833,Naip3,Myof,Dnaja3,Canx,Tcp1,Pak1,Kif22,Aldoa,Rab8b,2900046G09Rik,Cd97,Hgsnat,Jarid2,Tnfrs21,Abcg3,Bscl2,Adam10,Bnip2,Agtrap,Per2
Rcor1,Retsat,Setdb1,Snd1,Rftn1,Rel,Ccl4,Gata1,,2610015P09Rik,Racgap1,Ska1,Bgn,Ly6a,Cml1,Zfpm1,Wipi1,Gdi2,Gbp5,Cops3,Tppp3,Actb,Usp37,Pisd-ps1,Srgn,Nipa2,Sec23a,1500001M20Rik,6330500D04Rik,Igf1r,Abhd5,Btf3l4,Add3,Bpifc,Aim2,Phldb2
Smarcc2,Pa2g4,Smad4,Ammecr1l,Pgam2,Runx2,Clptm1l,Mta3,,Isy1,Hist1h2ap,Hist2h2ac,Ccm2,Cdkn1c,Klk7,Ppm1g,4833408A19Rik,Tcf4,H2-Ab1,Mrpl42,Dusp3,Atpif1,Snrpa1,Trim34a,Ndfip1,Unc45b,Pcmtd2,Whsc1l1,Ankrd39,Sell,Acin1,Cacna1a,Adgrl1,Bsn,Akna,Pim1
Nrf1,Pigq,Smad2,Pdha1,Ebpl,Sp100,Ifngr1,,,Slbp,Arhgap11a,Eme1,Cbx6,Fgfr3,Tmem132d,Rgs14,Edem1,Lims1,Il23r,Mrps5,S100a6,Cd52,Hist1h2ag,D4Wsu53e,Mrpl33,Gramd1a,Rcsd1,Stat5b,Spag8,,Acot2,Cand1,Adgrl2,Bzw1,Amd1,Pim2
Preb,Ccdc91,Mybl2,Gm608,Daxx,Gmeb2,Chst11,,,Asf1b,Cep55,Cks2,Cbx7,Cldn10,Dhrs9,Tulp1,F630201L12Rik,Cnn3,Mir511,Pum2,Ccl9,Gcsam,Rad21,Gvin1,Papss1,Parp2,Itpkb,BC025816,B4galnt4,,Acox1,Card10,Ado,Bzw2,Amd2,Pink1
Rfx5,Gypc,Nr2c1,Tomm7,Cd84,Deaf1,Tm9sf1,,,Ncapg,Birc5,Bub1b,Cldn12,Ptpn14,Dennd1a,Rad23a,Klrb1b,Hlcs,Rpl13a,Rbm3,Fn1,Kdelr2,Hnrnpa0,Gstm1,Slc24a5,Pigx,Numb,BC005624,Aim2,,Acox2,Cask,Ahsa1,Cacybp,Ankrd44,Pip4p1
Deaf1,Tomm40l,Runx1,Vps26b,Ctsh,Sp140,Rhog,,,Ppp1cc,Pias3,H2afx,Crim1,Mettl7a1,Trp53inp1,Adra1a,Thy1,LOC100040329,Tdgf1,Stmn1,Abhd15,Mpeg1,Hist1h2ap,Ifi203,Hist3h2a,Rsrc1,Atp5h,Eml3,Dynll2,,Acp2,Cd9,Ak2,Canx,Anxa6,Pisd
Nfe2l2,Rnf34,Sp100,Smarca2,Stk10,Sp110,Pik3r2,,,Pfdn4,Hist1h4d,Nde1,Dnase2a,Smtnl1,Spag6l,Gm128,Grn,Gpr171,Cited1,Uqcc2,Mtus1,Mrps33,Psat1,Cd74,Stk39,Lax1,Camta2,Bat5,Slc33a1,,Acpp,Cdk17,Ak6,Caprin1,Arap2,Pitx2
Nfe2l1,Picalm,Gmeb1,Ccng2,BC031353,Mef2c,Chd3,,,Mcm6,Spc24,Kif11,Entpd4,Ctsf,Tnfrsf1b,Sgms1,Hepacam2,Igf2r,Gbp10,Atp5b,Sepp1,Rpl18a,Strap,Abcg3,C430048L16Rik,Sec14l1,Rplp1,Osbpl1a,Mllt4,,Acsl3,Cdkn2c,Akt2,Casp7,Arhgap17,Plp1
Creb3l2,Hspd1,Atf4,Znrf2,Mcl1,Mef2a,Stk4,,,Tiprl,Hist1h2ab,Ube2c,Enpp4,Gstm1,Kdr,Ckap2l,LOC100047053,1810020O05Rik,Gbp7,Bcl2,Trf,Rps20,Hmgn5,Rtp4,Lphn2,4932441K18Rik,Cept1,Pdcd7,Etv3,,Adam22,Cenpm,Alad,Casp8ap2,Arhgap18,Ppm1k
Atf4,Ubac1,Mafg,Mapre2,Ddx5,Stat5b,Il2rg,,,Hacl1,E2f8,Tpx2,Enho,Sox18,Inf2,Odz4,4731417B20Rik,Hoxa9,Hpx,Sec24d,Fcor,Rps29,Rabgef1,Pdzk1ip1,Chkb,Hook2,Brwd2,Fuca1,Nsg1,,Adamtsl5,Ckap2,Alg8,Cbfb,Arhgap30,Pqlc3
Dbp,Fbxo34,Thap2,Matr3,Birc2,Tbx21,Sgcb,,,Gsta4,Rdbp,Cep72,Ezh1,Fads3,Zcchc7,Nuf2,Il2rb,4833424O15Rik,Irg1,Sec61b,Trex1,Rps4x,Vim,Gbp8,App,Ap3d1,Ppp1cb,Asxl2,Syvn1,,Adarb1,Col18a1,Alox5,Cchcr1,Arhgap9,Prkaa2
Thra,Mdm2,Zfp161,Galnt11,BC006779,Fosb,Ptp4a3,,,Agk,Foxm1,Cenpp,C78339,,Tmem63b,BC049807,Ighv1-72,Sema3d,Nlrc5,Mif,Nr4a2,Tmsb10,Plaur,Serpina3g,5730427N09Rik,Snf1lk2,Cdc42se1,Sh2d3c,Pigm,,Adcy6,Col4a2,Ammecr1,Ccl9,Arhgdia,Ptprc
Zbtb34,Ccdc90a,Zbtb34,Tmem106c,St8sia4,Fos,Abi1,,,Stk3,Cdca2,Hist1h2ah,Fam110c,,Spry2,F7,BC060267,E330009P21Rik,Slc26a6,Adarb2,Ccnl1,Unc119,Slc22a3,Smpdl3a,Loh12cr1,Vps26a,L3mbtl3,Smc5,Icam1,,Adgra3,Csgalnact1,Anapc15,Ccnl2,Arhgdib,Ptprm
Zbtb2,Cpsf6,Zeb2,Prkar2a,Gpbp1l1,Bach1,Asah1,,,Tmem129,Ska1,Sdccag8,Fam134b,,B4galt2,Hist2h3c1,OTTMUSG00000024777,Pdcl3,Bst2,Brip1,Clec4a1,5430435G22Rik,Spc24,Fam134b,Mbd1,Dbi,Ptpdc1,Vps8,B130050I23Rik,,Adgrd1,Ctdspl,Anapc5,Cct8,Arhgef18,Rasa2
Zbed4,Mier1,Prdm4,Cyb5r4,Synj2,Atf2,Plk4,,,1810043H04Rik,Dcaf7,Ptn,Fstl1,,Ubtfl1,Klc3,Fcgr3,ENSMUSG00000057445,Cyp27b1,Dnmt1,Gm1966,Psmb5,Nono,Tsc22d3,Vps25,Gbe1,Mrps27,Ptpn1,Zfp263,,Adgre5,Cul4a,Ank,Cd244a,Arhgef3,Rbpms
Zfp397,Prkab1,Prdm10,Ankrd13c,Hif1an,Nfe2l1,1600002H07Rik,,,Fbxo6,Sgol2,Kif20b,Foxn3,,Nt5c1b,Mpp2,Txndc5,Mapkapk5,Gbp2b,Dut,Gvin1,Psmb9,Ttc4,Ecscr,2810432L12Rik,Cdc37,Pomp,Srl,Lasp1,,Adgrg1,Cxcl3,Ankle1,Cd48,Arid5a,Rcbtb1
Sp4,Fbxw11,Zfp629,Nup107,St7l,Jun,Trim8,,,Cenpl,Hist2h2ac,Tbcel,Gabbr1,,Limk2,2310061C15Rik,Ltf,Sqrdl,Gbp9,Hells,Lmo2,Rps27l,Arpc5,Ptplad2,Mett10d,Cd38,Prss34,Mettl6,Edem2,,Adgrg2,Cxxc5,Anln,Cdc37,Arid5b,Rec8
Klf3,Sirt1,Zfp512,Glt8d1,Psap,Hnf4a,Tmem2,,,Cdc6,Hmgb2,Tubgcp5,Gbp2,,Etv1,Adcyap1,Sec24d,Kbtbd11,Ifitm3,Lig1,Lrwd1,Rpsa,Hist1h2bj,Pik3r1,Hnrnpl,Phf20l1,Asna1,Clptm1l,Usp18,,Afdn,D930020B18Rik,Anp32b,Cdc42ep4,Arl11,Reep3
Prdm4,Narf,Trps1,Stag1,Irf8,Zfp238,Ccndbp1,,,Nuf2,Eme1,Bub1,Gbp6,,Car13,Olfr1044,3300001P08Rik,Ddx4,Jak2,Mcm5,Mefv,Slc25a14,Ppp2r2a,Tbxas1,Setx,Nras,Osbpl7,Ppil2,2010208K18Rik,,Aftph,Def8,Anp32e,Cdkn1a,Arl4c,Retnlg
Zfp646,Xpo6,Gatad2b,Zc3h11a,Mef2a,2700081O15Rik,Hist1h3e,,,Atad5,Cks2,Pold1,Hlf,,Use1,H2afx,Pou2af1,Timm23,Parp9,Mcm7,Xaf1,Vav3,D2Ertd750e,Araf,Ccng1,2900073G15Rik,Pip5k1a,1110038D17Rik,Srxn1,,Agl,Dennd4a,Antxr1,Cdt1,Arl6ip4,Retreg1
Zfp143,Fignl1,Cebpb,Pcgf6,Ovca2,Klf6,Arfrp1,,,Rfc4,Bub1b,Cdc25c,Hip1r,,Ebag9,Hist1h2ba,IghmAC38.205.12,Ncf1,Socs1,Pcna,Zxdb,Cst3,Bzw1,Ifitm1,Sep-14,Pgm2,Gmfb,5730453I16Rik,Dapk1,,Ago4,Dock1,Ap1m1,Cebpa,Armcx4,Rnf122
Zfp652,Smarcc2,Cebpe,Tax1bp1,Ccl4,Hivep2,Thtpa,,,Zfp651,H2afx,Spag5,Itgb5,,Braf,Atox1,Atp6v0a1,Atp6v1g3,Ccl5,Prim1,AI607873,Gramd3,Serbp1,Gm4951,Nub1,Ctbp1,Tspan5,Mtmr1,Katna1,,Agpat3,Dusp3,Apoe,Cep128,Arpp21,Rnf13
Klf1,Shoc2,Gfi1,Cst7,Tpm4,Ikzf3,Dctn1,,,Paics,Nde1,Tuba1c,Iigp1,,Ap5m1,Gatad2a,Cdk5rap1,5430427O19Rik,Dapk3,Ran,Atf3,Psap,Rqcd1,Procr,Vcpip1,Eea1,Emilin2,2310008H04Rik,Rnf12,,Agpat4,Elmo1,Aqp1,Cgas,Arsb,Rp2
Gata1,Psmd3,,Parp11,Isg20l2,Vezf1,Vav1,,,Gabpb2,Kif11,Cdca8,Itsn1,,Tm2d2,F2r,Pdia4,1700042B14Rik,Gbp4,Rbbp4,Bhlhe40,Slc46a3,Taf9,Txnip,Enox2,Rlf,Zfp426,Limd1,Hist1h2bc,,Agrn,Eno2,Arap3,Chdh,Aspm,Rps27rt
Mta3,Klf3,,Gsto1,1600014C10Rik,Sp3,Fbxw8,,,Lat2,Tuba8,,Klhl13,,Zswim3,Kcnk2,Ly6c1,Tmcc3,H2-Aa,Rrm2,Fosb,Kdm7a,Mcm4,Ly6a,2810453I06Rik,Hdac7a,Acaa2,Dusp10,Bag4,,Agtpbp1,Ercc6l2,Arhgap10,Clcn5,Auh,S100a6
Ldb1,Ireb2,,Mcph1,Herpud1,Zscan2,Lyn,,,Setd3,Ube2c,,Ldhb,,Zfp628,Bola2,Sel1l,Tnf,Il12rb1,Cdk4,Ifi204,Aif1,4933407C03Rik,Gimap4,Pebp1,Ccdc38,Aph1a,1500002O20Rik,Dhrs4,,AI661453,Esyt2,Arhgap11a,Clec10a,Azin1,Samd9l
Nfe2,Gpr89,,Clp1,Gimap3,Zfp260,Car9,,,2310022B05Rik,Tpx2,,Letm2,,Chm,2410022M11Rik,Cebpe,Mcoln2,Med1,Cdk6,Irf7,Cfl1,Tfdp1,Plag1,Slc35b2,Commd9,Nhlrc1,Gga2,Spns1,,Ak1,Exosc2,Arhgap19,Clec4e,B230118H07Rik,Sel1l3
Ddit3,Huwe1,,Tagap,Ncf1,Zfp46,AI846148,,,Hint1,Cep72,,Mfsd6,,Dip2a,Ckap2,LOC100046350,Ift81,Ptpn2,2700029M09Rik,Junb,Rpl10a,Atp5a1,Zfp187,Etfdh,Zfp12,Axl,St3gal2,Zbtb45,,Akap7,Exph5,Arhgef2,Clnk,B3gnt5,Sfxn3
Foxo3,Trip6,,Rassf2,Rpl31,Prdm2,Galnt2,,,Papola,Cenpp,,Mettl7a1,,7530416G11Rik,Pbx1,Ostc,Cdkl3,Syncrip,Alyref,Klf4,Batf3,Cdca3,Lst1,Prim1,A130022J15Rik,Scnm1,Asph,Tmem20,,Akap9,F5,Arl4a,Clta,B4galnt1,Sh3bp2
Bcl11a,Atpbd4,,Trim37,Sema4b,Gata3,Aqp9,,,Yod1,4931417G12Rik,,Map4k3,,Tmem263,Lphn3,Xbp1,Morf4l2,Ciita,Ccne2,Mphosph8,Id2,Cenpn,Ctsb,Tbcc,Ddx46,Spg7,Zfp398,Gstz1,,Aldh1a1,Fam110b,Arl6ip1,Cnpy3,Bach2,Shisa5
Gfi1b,Helz,,Prmt1,Ncor1,Pax5,Rbm5,,,Tubb5,Hist1h2ah,,Mmrn1,,Pcmtd1,Tlx2,Mpo,Slc30a4,Eprs,Hmgn2,Nfkbiz,Ifi205,Hist1h2bc,,Foxn3,2010110K16Rik,Mrps23,Uspl1,0610010E21Rik,,Aldoc,Fas,Armc1,Cpa3,Bag4,Slc50a1
Zfpm1,Stxbp1,,Ptger1,Prps2,Rorc,Spg7,,,E2f2,Ttc37,,Mpzl1,,Snx30,Bmp6,Il5ra,1110059E24Rik,Gbp6,Kntc1,Pydc4,Irf8,Rgs1,,Tmem143,Smek2,Gstm7,Npat,Fcrl1,,Als2cl,Faxc,Arpp19,Csf2rb,Baiap2,Smpd1
Zbtb7a,4933426M11Rik,,Mapk3,Tcp11l2,Rora,Ccl9,,,,Zfp882,,Mllt3,,Lemd2,Fras1,Pkn2,Serpinb3d,H2-Eb1,Nasp,Rel,Lbh,Polr2i,,Tuba1a,Nadk,Trip13,Wdr36,Perq1,,Amigo2,Fggy,Arrb2,Csf3r,Baz1b,Snx10
Nfe2,Rcor1,,Hsp90b1,Ppme1,Foxp3,Dnmt3b,,,,Add3,,Mylk,,Fam84b,BC048355,2010001M09Rik,Cdc2l6,Irf1,Ranbp1,Zbtb7b,Mnda,Hnrnpk,,2410187C16Rik,Gm1040,AY078069,Fbxl10,Klhl2,,Amotl2,Fjx1,Asap1,Csgalnact2,Baz2b,Socs5
Maff,Arih2,,Vim,Malt1,,Atp6v1a,,,,Stmn1,,Ndn,,3010026O09Rik,Hist1h4b,Gcap14,Hamp,Mrc1,Slbp,Zeb2,Pbx1,Hmgb3,,Tufm,Bud13,Ncor1,Rell1,Gfod1,,Ampd2,Fry,Asb1,Ctsg,Bcl2l11,Sp2
Mafg,Ap1b1,,Flot2,Nfkbiz,,Eif2ak3,,,,Vps8,,Nfat5,,Atp11c,ENSMUSG00000066938,Ap3s1,Cd200,Slc11a1,Snrpd1,Zfp36,Rbbp7,H2afz,,Rassf3,Cox4i2,Tnfrsf12a,3830406C13Rik,Cbx7,,Angpt1,Fzd3,Asf1b,Cxcr2,Bex6,Spns2
Sfpi1,Aaas,,Pdia5,Nsmaf,,6430527G18Rik,,,,Sdccag8,,Nupr1,,Nupl2,Olfr967,Ly6c2,Abt1,Txk,Spin1,Nav1,Cxx1b,Ndufb11,,Zfyve20,Smc6,2610020H08Rik,Nomo1,Rcor3,,Ank3,Fzd7,Ash2l,Dact1,Bid,Stx6
,Cd82,,Xbp1,Supt7l,,Pkig,,,,Abhd2,,Obsl1,,Ptpn23,Hist2h3b,Fam46c,Wdr49,,Srsf7,Mir6385,Eif4a-ps4,Zcrb1,,Letmd1,Rab14,Sacm1l,Psmb6,Taf6,,Ankrd12,Gchfr,Asph,Dap,Bin1,Suclg1
,Myd88,,Alcam,Arih1,,Scmh1,,,,BC048507,,Panx2,,Zdhhc8,Spc24,Ccr10,A430093F15Rik,,Ssrp1,2810433D01Rik,Gm10108,Pik3ca,,D12Ertd553e,Ndc80,Adck4,Pea15a,Hist1h2bb,,Ankrd27,Gdf3,Atad2,Dbi,Brd8,Tbc1d14
,Aprt,,St8sia4,Camk1d,,Cpa3,,,,Snora31,,Pex11a,,Plxnd1,Mars,AI451557,Cyp2j9,,Topbp1,4930477E14Rik,Gm4459,Shcbp1,,Mtdh,Ube2o,Mbtps1,9030624J02Rik,Bcl7b,,Ano6,Gucy1b1,Atad5,Deptor,Bri3bp,Tfr2
,Nfia,,Atp2b4,Tmem127,,Otud4,,,,Ttl,,Pik3r1,,Paip1,Hist4h4,Ikbkb,Mctp2,,Wdr76,4933433G15Rik,Gm5776,Csde1,,L3mbtl2,Srrm2,Anxa1,Klf3,2700007P21Rik,,Anxa5,Haus4,Atic,Dhrs7,Brip1,Tnfrsf21
,Vamp8,,Slc39a11,Il2rg,,Padi4,,,,Npff,,Pde6h,,Chmp7,Onecut3,Cd7,Kcne3,,Wiz,Dennd1c,Gm7722,Gatm,,Hprt1,Ppp1r13b,Acat1,Trak1,Srebf2,,Apbb1,Heatr5a,Atl2,Dhx40,Brk1,Tpd52
,Ctse,,Impdh1,Mark2,,Ubqln4,,,,Hist1h2ak,,Pkp2,,Ascc2,Lipn,Ctsg,1200009F10Rik,,E2f8,Fam46a,Gm9104,Fabp5,,Elmo3,2410016O06Rik,Cyba,Sp4,Zfp248,,Aph1c,Id1,Atp5e,Dhx9,Btla,Trafd1
,U2af2,,Irf8,Ctss,,Usp48,,,,Kif20b,,Pear1,,Rprd1a,Rnaseh2c,BC005685,AA467197,,Hmga1,G430095P16Rik,Gm9844,Pmpca,,6430527G18Rik,Wdr3,Lipa,1810030O07Rik,Fcho2,,Aplp2,Insig1,Atp5g1,Dkc1,C030034L19Rik,Treml2
,Fbxo8,,Igsf6,Sash1,,Snapc3,,,,Tbcel,,Pdgfd,,Olfr1346,Oaf,ENSMUSG00000076543,Gins3,,Hmgn1,Gm13846,Phf11a,Inpp5b,,Coq5,Copb1,Reck,Nipbl,Oasl2,,App,Ipo11,Atp5g3,Dlst,Calcrl,Trim21
,Gatm,,Acox1,Nipa2,,Eif3h,,,,Hist1h2bk,,Plec,,Mex3a,Mrps18a,EG668492,Tle4,,Invs,Gm15987,Plekhd1,Apitd1,,2810046L04Rik,Atox1,Mbd3,Usp25,Gne,,Appl2,Irak3,Atp5h,Dna2,Camk1d,Trim30a
,Drg1,,Mpo,Paqr5,,Rere,,,,Mul1,,Parp14,,Mrpl16,1700019A02Rik,Ell2,Taf11,,Thrap3,Gm29371,Rps12l1,Ubn1,,D15Mgi27,Asxl1,Ndufb10,Gsg2,Pigb,,Arap1,Itgb6,Atp5l,Dnajc2,Camk2d,Ube2b
,Csl,,Xrcc2,Card11,,Gna15,,,,Tubgcp5,,Rpl23a,,Rufy1,Pcdh7,Lgals1,Arhgef3,,Uhrf1,Gm4883,Wdfy4,Tiparp,,Rabif,Preb,Irf1,Gmppb,Lrch3,,Arglu1,Itprid2,Atp5mpl,Dnajc6,Camkk2,Ube2h
,1110038F14Rik,,Atp6v1c1,Id2,,Tmem63b,,,,Bub1,,Rps20,,Acp6,Birc5,Pgam2,Pink1,,Smc1a,Ifitm2,Anxa1,Gnas,,Mrpl55,Ctsb,4930550C14Rik,Orc3l,Ncoa1,,Arhgap12,Kit,Atp6v0a2,Dpy30,Camsap2,Vcl
,Ttll12,,D2Ertd750e,Fut4,,Atxn7,,,,Aen,,Krt8,,Rdh10,Sec14l1,Sytl2,Siae,,AI662270,Ifitm6,Gnb1,Cpsf2,,B230339M05Rik,Arrb2,Gng10,Trim68,D18Ertd653e,,Arhgap23,Klhl23,Atp8a1,Dqx1,Card6,Vsig10
,Nsd1,,1300001I01Rik,Lcp1,,Tmem143,,,,Tmem43,,Rps29,,A430033K04Rik,Casc5,Igk-V1,Dync2li1,,Nutf2-ps1,Lrrc25,P2ry10,Tmem14c,,Lin7c,Zdhhc8,Rapgef6,Cmtm3,Ccdc71,,Arhgap28,Krt8,Atpif1,Dscc1,Cbx2,Vwa5a
,Afg3l2,,Rapgef6,Npc1,,Fbxo3,,,,Pold1,,Gbp8,,Aptx,Hmmr,Fam53b,Oas1c,,Tbcb,Mcemp1,4930506M07Rik,Atad2,,EG667977,Mrpl14,2900092E17Rik,Xrn2,Serpinh1,,Arhgap29,Larp4,Aurka,Dtymk,Ccdc15,Washc3
,Cpsf1,,Trf,Lbh,,Psmd6,,,,Cdc25c,,Ccl27a,,Zgrf1,Depdc1a,Hsd11b1,Copb1,,Tmem263,Phf11b,Anxa2,Utp18,,Impa2,Pacs1,Nr3c2,Chchd6,Rnf25,,Arhgap31,Lars2,Aurkaip1,Edem2,Ccdc9b,Wee1
,Rbm38,,Znrd1,Atf2,,Sri,,,,Spag5,,Prmt2,,E430018J23Rik,Has2,Styxl1,OTTMUSG00000007648,,Krtcap2,Pld5,Cd24a,Khdrbs1,,Ormdl3,Notch2,Enpp1,Plxdc2,Heatr5a,,Arhgap8,Lgr5,Aurkb,Egln3,Ccl3,Xaf1
,Rnf40,,Pcca,Pwp1,,Chn2,,,,Lmnb1,,Runx1t1,,Trp53rkb,Cnksr2,Cd5l,EG330305,,Gria3,Rpl23a-ps5,Ece1,Tpst2,,Tuba1b,Tloc1,Cav2,Anxa11,Dicer1,,Arhgef12,Lmbr1,Banf1,Eif1ax,Ccr7,Zfp275
,Tex2,,1600014C10Rik,Msi2,,Ccny,,,,Hist1h2ba,,Serpinb9,,Pigc,Slfnl1,Snord96a,Dntt,,Ephb2,Tmem176b,Gm15448,Birc5,,Cat,Hnrph2,Slc7a8,Lss,Nfatc1,,Arhgef17,Lrif1,Bard1,Eif3l,Cct2,Zfp532
,Cog4,,Uck2,Pum1,,Clic1,,,,Pex13,,Stk24,,Atxn2,Cdc2a,Gm459,Acot1,,Cpeb4,Trafd1,H2-DMb2,Rfc2,,Daam1,BC004004,Hpcal1,Faah,Dhx37,,Arhgef5,Lrp12,Baz1a,Eif4e2,Cd27,Zfp760
,Rnf11,,Ncf1,Cul2,,Plekha3,,,,Zfp691,,Sesn2,,BC064078,Col4a2,Igl-V1,Epb4.1l3,,Cd300c,Snx21,H2-Oa,Nme1,,Tbc1d22a,Slc27a1,Fis1,1110037F02Rik,Cant1,,Arhgef6,Lrp6,BC030867,Eif4ebp2,Cd2ap,Zfp831
,Pitrm1,,Gmeb1,Gimap6,,Zfp706,,,,Taf11,,Slc2a3,,Coq10b,Mki67,Clec4e,Maml3,,Acnat1,Sulf2,H2-Ob,Cenpe,,Topors,Ncaph,Fau,Capn5,Ndufv1,,Arhgef9,Magee1,Bcap31,Elovl5,Cd300lb,
,Paip2b,,Hnrnpr,Mycl1,,Jazf1,,,,Srd5a1,,Samd9l,,Pigp,Hist1h2bp,Hsp90b1,Opalin,,Blvra,Ccr1,Kit,Plac8,,Ssrp1,Crip1,Mkln1,Map2k3,Bmp2k,,Arid1b,Marveld2,Bcl2,Elovl6,Cd33,
,Rnf4,,Zc3hav1,Slfn5,,Cdc42se1,,,,Wdr48,,Socs2,,Ss18,Cchcr1,Fcrl6,Rarres2,,Cox6a2,Cx3cr1,Pglyrp1,Tbcb,,Ak2,Ttc33,Ccnyl1,Vprbp,Hist1h2bl,,Arid4a,Mdm1,Bcl2l13,Emid1,Cd34,
,Hnrpdl,,Phf8,Lmbrd2,,Vrk3,,,,Tom1,,Txnrd3,,Myo19,Cdc7,Pak2,Vit,,Cox6b1,Cysltr1,Tlr3,Cenpw,,Atp9b,Ubash3a,Npl,Tnfaip8l2,Tpk1,,Arl8a,Mm2pr,Birc5,Epop,Cd37,
,Pabpc4,,Tmem50b,Rundc3b,,Sh3bp5,,,,Hist1h2bb,,Tgm2,,Lrp6,Mocs3,Xcl1,Lmo2,,Ebp,Gpr141,Slc8b1,Gcsh,,Fbxo7,l7Rn6,A430107D22Rik,Eral1,Tob1,,Armcx2,Naa20,Blm,Erh,Cd44,
,Elovl6,,Xpo4,Tubb4,,Csrp2bp,,,,0610009B22Rik,,Tmcc2,,Cisd3,LOC100041230,4930470P17Rik,Sec23b,,Farsa,Gpr19,1700027A07Rik,E330016A19Rik,,Ecd,Rbm9,2310014G06Rik,Cnot8,Paqr5,,Armcx5,Naip2,Brca1,Espl1,Cd52,
,Icam4,,Mybl2,Sass6,,Pitpnb,,,,Hist1h2br,,Tmie,,Dmxl2,Trfr2,EG633457,Gas6,,Fth1,Kcne3,Cd97,Nup85,,Bud31,Nol5,Akap8l,Csnk1d,Arl6ip6,,Arntl,Ncbp2,Brca2,Exosc5,Cd6,
,Ldb1,,Ppme1,Lsp1,,Ptk2b,,,,Clcc1,,Tmem176a,,Tacstd2,F630111L10Rik,Mettl7b,Gm1966,,Hacl1,App,Cldn25,C330007P06Rik,,5730596K20Rik,1110002N22Rik,Ehd1,Cyfip1,9330128J19Rik,,Arpin,Nceh1,Brd3,Fam117a,Cd69,
,Cd24a,,Tbc1d23,Slc9a9,,Foxk2,,,,Tuba1c,,Tmem201,,Cep78,E2f1,Itch,EG667622,,Kars,Cd209a,Gm17374,Nars,,Gnb2l1,Smo,2610036D13Rik,Jak1,Hist1h2bh,,Arrb1,Neu3,Brd7,Fam136a,Cd82,
,Smarce1,,Nsmaf,Spin1,,Cpne1,,,,Slx4,,Trib3,,4931428F04Rik,6430573F11Rik,A930024E05Rik,Btla,,Kmo,Cd209d,Gm24601,Hnrnpl,,Gmnn,Nr1d2,Anubl1,Zfp219,Ubiad1,,Arrdc2,Nfxl1,Bub1,Farsa,Cd93,
,Xpo1,,Mcm3ap,4930420K17Rik,,Bcl10,,,,Tollip,,Tnrc6b,,Dstyk,Il9,Uba5,1810043G02Rik,,Lta4h,Clec4b1,RP23-116M12.7,Atp5e,,Nfu1,2810012G03Rik,Ankrd11,Vps24,Bbx,,Arrdc4,Nmt2,Bub1b,Fcgr2b,Cdc42,
,Nme1,,Ppm1e,Ctsl,,Sirt7,,,,Uap1,,Usp30,,Qrsl1,H2-gs10  // H2-gs10,LOC630837,Lce3b,,Ndufs3,Emb,,Kif20b,,Mvp,Sdc3,BC003993,1200004M23Rik,Hdac4,,Art4,Nostrin,Bub3,Ffar2,Cdc42se2,
,Tial1,,Prssl1,Dpy19l3,,Btbd6,,,,Kif23,,Vnn1,,Phlda2,Glt25d2,Herpud1,Stag3,,Pfas,Lilrb4,,Ftsj3,,Fip1l1,Lrp12,Cpsf4,Ppp3r1,Tusc1,,Ash1l,Npm2,Cab39l,Fkbp1a,Cdc5l,
,Frs2,,Lmnb2,Arl4c,,Dhx35,,,,Cdca8,,Vegfc,,Klhl7,Apoe,6330407A03Rik,Capn2,,Pgls,Pvrl1,,Srpk1,,Crebbp,Pisd,Gmeb2,D6Wsu176e,Ercc6l,,Atg14,Ociad2,Cad,Flnb,Cdca2,
,Minpp1,,Arih1,Pip4k2a,,Cxcl12,,,,Polg2,,Zbtb20,,Dok5,Ptprg,Aldh3b1,Ccdc91,,Rac2,Rgs1,,Map2k3,,Zfp207,Atp6v1d,1500032D16Rik,Trappc6b,Ndufb9,,Atg16l2,Pak7,Calm1,Flot2,Cdk19,
,Ttc27,,Vps41,Arl10,,Gab2,,,,Abcb6,,Zbtb4,,Abca1,EG384356,Trub1,Svs5,,Rexo2,Sdc3,,Krtcap2,,Ccdc101,Ifit2,BC031181,C330019G07Rik,Nif3l1,,Atg2b,Palmd,Calm3,Fndc3b,Cdk4,
,Wdr13,,Metap1,Asxl1,,Ttc3,,,,Plscr2,,Zfp467,,Ly9,Sh3pxd2b,Cacna1e,Mpnd,,Rnaset2b,Ssfa2,,Hnrnpab,,1110012D08Rik,Rdbp,Cish,C530044N13Rik,Necap1,,Atp2b1,Pcdh7,Camta1,Fut7,Cds1,
,Smarcal1,,Adam17,Camk2g,,Slc39a10,,,,Adam28,,Zfp612,,Slx4ip,Mrpl28,Ankrd58,Pik3r1,,Upb1,Sirpa,,Smc4,,Psmc2,Tcfap4,Clec4a1,Klc1,Cetn2,,Atp2b4,Pex26,Cbx1,Fut8,Cep164,
,Psen2,,Txndc11,Acsl4,,Copa,,,,Tbc1d16,,,,Wdr6,Dpep1,Ypel5,Flt3,,Map3k4,Clec4a2,,Mobkl2a,,Eif4e3,Trmt5,Foxp4,2610206B13Rik,Serpinb6a,,Avl9,Pkd2,Cbx3,Galnt6,Cep55,
,Seh1l,,AI314976,Tom1l2,,Trim41,,,,Nlrc3,,,,Mlst8,Glp1r,Akap12,H2-DMb2,,Pkmyt1,Evi2a,,Hist1h2bg,,Crlf3,Bfar,Pias2,Trim8,Bhlhb9,,B3galt1,Pkn3,Cbx5,Gapdh,Cep72,
,Pip4k2a,,Hist1h4d,Arl5a,,Edem3,,,,Cox18,,,,Cyp4v3,LOC638798,Prdm1,Sec22b,,Stk4,Il10ra,,Serinc1,,Cdk5,Hnrpd,Dctd,Ift52,Sipa1,,B4galt4,Pla2g4a,Cby1,Gfod1,Chd3,
,Smarcad1,,Zeb2,P2ry13,,Scarb2,,,,Ccdc51,,,,Camk2d,Zfp639,Pasd1,Tef,,1700026L06Rik,Il13ra1,,Rab31,,Anxa3,Arfgef1,Tcerg1,Smap1l,Kars,,B4galt6,Plekhm1,Ccdc34,Glmn,Chga,
,Shc1,,Top3b,Bcl2l1,,P2ry1,,,,Dact3,,,,Slc7a6os,Nt5dc2,Smarcc1,Vat1,,Arrdc1,Il1r2,,Tuba1c,,Prcc,Tmem66,Prg2,1810026J23Rik,Rnf216,,Bach1,Plppr2,Ccl17,Glud1,Chsy1,
,Ftsj3,,Myst3,Zfp46,,Usp21,,,,B4galnt2,,,,Tmem69,Wdr52,Gcgr,Supt4h1,,Bex6,Il2rg,,Ube2l3,,Sypl,AI847670,Map2k7,Irf3,2010111I01Rik,,Baz2a,Pls1,Ccna2,Gmfg,Cip2a,
,Mapkapk5,,Polr1e,Plekhb2,,Slc27a1,,,,Camk4,,,,Cd163,Ky,Ssr4,2310007F21Rik,,Carhsp1,Itgam,,Mcm3,,Scpep1,Batf,Adck1,Lass4,Mansc1,,Bbs2,Poglut2,Ccnb1,Gnai2,Ckap4,
,Tlk1,,Idh2,Tspyl3,,Gpr56,,,,Pou4f1,,,,Ggta1,Dlgap5,Rab44,Arhgap24,,Dynlt1c,Klrd1,,Odc1,,Phip,2610209M04Rik,Dnttip1,Dpf2,Camk2d,,BC034090,Ppp1r36,Ccnb2,Gng12,Clec12a,
,Inpp5f,,Rpn1,Dnaja3,,Tacstd2,,,,Cit,,,,Rnf34,Mastl,LOC629793,Cdk2ap1,,Golga7,Plxnd1,,Bcl2l1,,Mtmr3,Bak1,1600014C10Rik,Zfp282,Zbtb17,,BC051142,Prr5l,Ccnf,Gnl3,Clec2i,
,Dlst,,Ctsz,Slc9a7,,P2rx1,,,,6330439K17Rik,,,,Rwdd2b,Inhba,Ela2,Tceal3,,Klhl9,Tlr2,,Rnaseh2b,,Htatip,1810034K20Rik,Adnp,Nsfl1c,Bckdhb,,Bc1,Psen2,Ccni,Gnptab,Cmah,
,Gtf2h3,,AI480653,Klhl24,,Cd72,,,,Fam13a,,,,Panx1,Jakmip2,Ube2j1,4921528I07Rik,,Mpc1,Ank,,Igfbp4,,Arl6ip5,Dnm1l,Homez,Ccdc47,Hist1h2bp,,Bcdin3d,Pstk,Cct3,Gpr160,Cmya5,
,1110020G09Rik,,Pgam5,Ly75,,Plekhf2,,,,Gk5,,,,Adamtsl4,Whamm,Slc17a5,Cyth4,,Rps4l,Slc17a8,,F630043A04Rik,,Bcat2,Bola2,Rpl7l1,Vangl2,Trim25,,Bcl11a,Ptgs1,Cct5,Gria3,Cnn3,
,Lars,,Nedd4l,Clip1,,Ets1,,,,1300018I17Rik,,,,C1qa,Plk1,Tmem20,LOC100134990,,Smim24,Slco2a1,,Psmc6,,Lmo6,Errfi1,Trove2,Megf9,Mctp2,,Bcl9l,Pwwp2b,Cct7,Gsto1,Cnot11,
,Clk2,,Nrd1,Atxn7,,Arhgap30,,,,Cyp2e1,,,,Arrdc2,Btnl1,Pi4ka,Fam114a2,,Wdr44,Gm12840,,Anp32b,,Gimap9,D10Ertd322e,Wdr75,Dis3,Lars,,Bdh2,Rab6a,Cdc20,Gtpbp4,Cnot8,
,Fbxw2,,Pmpca,Ipo8,,Pak1ip1,,,,Chrm4,,,,Cfap97,Hoxa10,Hccs,Inadl,,Lgmn,Gm15839,,Nusap1,,Tmem50a,Stk38,Mknk1,Baz2a,Gfm2,,Bex1,Rad23b,Cdc25a,Hdc,Cntrl,
,Gspt1,,Fut4,Baz1b,,Ggta1,,,,Tnfaip8l2,,,,Epc2,Cox6b2,Nfkb1,Txndc15,,Psma2,Gm16241,,Ndufs2,,Hpcal1,Lrrc33,4930504E06Rik,Fbxo11,Coq9,,Bex2,Rad51c,Cdc25b,Hells,Cobll1,
,Ak3,,Soat1,Cirh1a,,Ctsd,,,,Fam19a1,,,,Creb3,Rspo4,Calr,Gbe1,,Scpep1,Gm20400,,Lass2,,Appl2,Hectd3,Hist1h3a,Nubp2,Entpd1,,Bex4,Ralgapb,Cdc25c,Hk3,Col19a1,
,Fads1,,Lcp1,Zfp36,,Arid2,,,,Itgb6,,,,F830016B08Rik,Raly,Prg2,Rab3b,,Sec11a,Gm20481,,Exosc5,,Brap,Fut8,Stk3,Rab18,Irf3,,Birc2,Rasgef1b,Cdc45,Hmga2,Comt,
,Eif2s3x,,Pdcd4,Ablim1,,Rnasel,,,,Pif1,,,,Evc,Ppp1r14a,Vasn,Gatsl3,,Inpp4a,Gm20708,,Fam98b,,Epm2aip1,Fubp1,Snw1,Polr3k,Cd37,,Bmp8a,Rftn1,Cdc6,Hmgn2,Coro1a,
,Mthfd1l,,Lbh,Mettl3,,Extl3,,,,5730507C01Rik,,,,Rbm12b2,Actl7a,Cntn5,Olfr1234,,Bzw1,Gm26716,,H2afv,,Polr3gl,Nckap1,2510003E04Rik,Mesdc2,Gabarapl2,,Bmpr1a,Ric8b,Cdc7,Hnrnpa0,Coro2a,
,Tbccd1,,Ccnt1,Net1,,Snx17,,,,Aqp11,,,,Cant1,Nusap1,ENSMUSG00000073488,ENSMUSG00000052236,,Atp13a2,Gm26809,,Lsm3,,Arpc5,Chchd1,D4Ertd196e,Hmgb2,Fanci,,Bpifb5,Rilpl1,Cdca3,Hnrnpa2b1,Cpm,
,Rbpj,,Ndufa6,Brip1,,Ate1,,,,Gm6756,,,,Slc29a2,Kpna2,Calca,Top1mt,,Cope,Gm28196,,Sf3b1,,Frg1,Lrrc58,Scml4,Tinf2,Pctk2,,C1ra,Rnu3b1,Cdca4,Hnrnpab,Crebbp,
,Cct7,,Rnf121,St6gal1,,Rcn1,,,,Hexim2,,,,Cebpzos,OTTMUSG00000010547,Letmd1,Dnmbp,,Serinc3,Gpr114,,Nme2,,Acadvl,Ubtf,C1galt1c1,Asnsd1,Dock1,,C1rl,Runx1,Cdca5,Hnrnpdl,Csf1r,
,Whsc2,,Sav1,Bcr,,Capn7,,,,Rgs14,,,,Arrdc3,ENSMUSG00000056729,St6galnac3,Capns1,,Snx18,RP23-164N7.1,,Tpi1,,Rap2a,Hist1h1e,Ptpn22,Nfe2,Pnpla8,,C530008M17Rik,Sec14l2,Cdca7,Homer2,Csrnp1,
,Metap2,,Hoxa7,3110002H16Rik,,Cd74,,,,Zik1,,,,Bhlhb9,Traf4,Itga4,2610018G03Rik,,Lgals1,RP23-243M12.5,,Cyfip1,,Sdhc,3110045G13Rik,Psmb5,Rabl2a,Tmem158,,Cacna2d1,Sema6d,Cdca8,Hsp90b1,Csrp1,
,Bcl7b,,Prdm4,Sla,,Utp6,,,,H2-Bl,,,,Pla2g4a,Gas2l3,Igl-V2,Thra,,Serpine2,RP23-267J18.1,,Myo1g,,Ncoa7,Herc3,Phf7,Mccc2,Ciao1,,Cadps2,Sgce,Cdk1,Idh2,Cst7,
,Zdhhc17,,Cenpb,Mpa2l,,Zfp263,,,,Zbtb48,,,,Lamc1,1700110M21Rik,Klrb1f,Tox3,,Slc43a3,RP23-27C10.2,,Ddx21,,Zfp263,Hmg20a,Stoml1,Rnf11,Wbp11,,Calml4,Shank3,Cdk2ap1,Igfbp4,Ctc1,
,Hmg20a,,Zfp280b,Man2a1,,Add1,,,,Hist1h2an,,,,Tab1,Gata1,Hp,Sft2d1,,Dhx9,RP23-32A8.1,,Calm1,,AI597468,Pim1,D6Wsu176e,AU022252,Slc16a6,,Camkk1,Sin3a,Cdk5rap2,Ikzf2,Ctnnd2,
,Ints7,,Sec23b,Lgmn,,Phb2,,,,Hspa2,,,,Klf10,LOC674122,Plac8,Rasa4,,Dkc1,RP24-168F13.1,,Tcerg1,,Alg5,Lap3,Rexo1,Dennd1a,Gramd3,,Camsap1,Sipa1l1,Cdk6,Il17rb,Ctr9,
,Mettl3,,Plcb2,Peg12,,Gata2,,,,Ddi2,,,,Mkrn2,OTTMUSG00000005773,Lrrn1,Il12a,,Mcm4,,,Ckap2l,,Tox4,Sep-02,Arf6,Tcf12,Hdgfrp2,,Capg,Slc16a9,Cdkn2d,Impdh1,Ctss,
,Net1,,rp9,Tbl1x,,Pmf1,,,,Rad54b,,,,Polg2,Dut,LOC100046894,1700113i22rik,,Nle1,,,Slc20a1,,Parp3,Mlf1ip,Copa,Scrn2,Slc35c1,,Car2,Slc18b1,Cdkn3,Irak4,Ctxn1,
,Lmna,,Pus7,Arhgef6,,Pqlc2,,,,Arfip2,,,,Acap2,Micall2,Ikzf2,Eid1,,Pola2,,,Hspa4,,Dbr1,Slk,Fibp,Tnrc6a,1110032A13Rik,,Card19,Slc41a1,Cdv3,Kat7,Cux1,
,Car2,,Atad3a,Lrch1,,Ncoa4,,,,Itfg3,,,,Casz1,Ccna2,ENSMUSG00000051848,Ada,,Fgr,,,Top1,,Pnpla7,Tcf19,Akr1a4,Rab1b,Ihpk1,,Carmil3,Slc5a3,Cenpa,Kmt5a,Cxcr4,
,Ncapg2,,Ero1l,Ptk2b,,Rasgrp2,,,,Ccdc21,,,,Atp5sl,BC066135,Ddx39,Irf9,,Ipmk,,,Amd2,,Pip4k2c,Psme1,Iqgap1,2610019P18Rik,2410187C16Rik,,Carns1,Slc6a6,Cenpe,L3mbtl3,Cyb561a3,
,Ube4b,,Sdf2l1,Unc5cl,,Tk2,,,,Neu1,,,,Tspan15,Enox1,Ppp2r1b,Pbsn,,Esr2,,,Ldha,,Cnot2,Timeless,Copz2,Lace1,Nub1,,Casp12,Slc8a1,Cenpf,Lbp,Cyb5r4,
,Tcerg1,,Tnip1,Spg20,,Mapk7,,,,Trmt12,,,,Itgal,Pygo2,Kit,Pcdhb17,,Capg,,,Polr3k,,Ube1c,Pef1,Tspo,Ei24,Bard1,,Cavin1,Slf2,Cenph,Letm1,D16Ertd472e,
,Slc20a1,,Ddx1,Foxk2,,Tuba8,,,,,,,,Snx13,Gp9,Igh,Hebp1,,Ccnd2,,,Ndufv3,,Tbl1xr1,Gtf2h1,Dab2ip,Mrpl17,Serinc5,,Cbx6,Smad4,Cenpi,Lgals1,D5Ertd605e,
,Skiv2l2,,E430025E21Rik,Stab2,,Plagl2,,,,,,,,Traf3ip3,Cd55,Rab4a,Dgkb,,Cdca7,,,Eps15,,5730590G19Rik,Ube3b,Ifngr1,5730419I09Rik,Ctbp1,,Cbx7,Smim13,Cenpk,Lin54,Dcp2,
,Aco1,,Vps33b,Arhgef10,,Hbs1l,,,,,,,,Alg2,Dach1,EG667683,Jmjd8,,Cenph,,,Wdr43,,Erg,Cyp51,Hnrpul1,Baz2b,2610301B20Rik,,Cc2d2a,Snap23,Cenpn,Lman2,Ddx4,
,2810046L04Rik,,Spnb2,1700081L11Rik,,Vps39,,,,,,,,Camk2g,Vars,Tirap,Camsap1l1,,Gatad1,,,Thoc4,,9430023L20Rik,Psen2,Prr11,Mtmr4,Csnk1g2,,Ccdc112,Snx16,Cenpp,Lmo4,Dhfr,
,Trim25,,Gbp3,Osgin2,,2610024G14Rik,,,,,,,,Ift80,Zfp598,Tmem62,Slc25a4,,Hmgn3,,,Dctpp1,,Rap2b,Mdh1,Ccdc16,Mex3c,Dpysl2,,Ccdc136,Sorbs2,Cenpw,Lsm6,Dhrs3,
,Xpo5,,Rin3,Znfx1,,Aktip,,,,,,,,Serpina10,Hist1h4f,Olfr980,Alcam,,Net1,,,Cox7c,,Sgpl1,1810074P20Rik,Ppp2r2d,Pole4,1700054N08Rik,,Ccdc149,Sox6,Cep152,Lta4h,Dntt,
,Csnk1d,,Pskh1,Gmeb2,,Smad5,,,,,,,,Lrrc17,Atp12a,Htt,Gm106,,Nucb2,,,Rsl1d1,,B630019K06Rik,Cep170,Fahd1,Angel1,Pld3,,Ccdc173,Sqle,Chchd2,Ly6e,Dock10,
,Gdap2,,Snx9,Cd164,,Tmem123,,,,,,,,Mtg2,Gfi1b,Sell,Lrrc68,,Plac8,,,Top2a,,Eftud2,Rela,E130308A19Rik,Stx3,Car9,,Ccdc28a,Syde2,Chd1l,Lyl1,Dock11,
,E2f4,,Trip13,Chml,,Pnpla2,,,,,,,,Sgsm2,Gm813,Ankrd23,Speer1-ps1,,11-Sep,,,Zc3h15,,Mdm1,Sf3b1,Faf1,Tcf25,Pop1,,Ccdc60,Tcaim,Chek1,Magt1,Dpp4,
,Pcmt1,,Ptpn22,Pnrc1,,Pola1,,,,,,,,Ankzf1,Slc7a4,Cabp1,Arf4,,Arid1b,,,Hist1h2bk,,Pip5k1c,Sirt5,Kif2c,Zfp384,Dpm2,,Ccm2l,Tfec,Chn2,Man2b1,Drc7,
,1700081L11Rik,,Plac8,Arhgef3,,AB124611,,,,,,,,RP23-239L21.4,Gprin1,Nupl1,Arhgap9,,Asb6,,,2310028O11Rik,,Pnpt1,Blmh,Atxn2,Tomm70a,Ppargc1b,,Ccnd1,Thada,Ciao2a,Mapkapk2,Dtx4,
,Ppan,,Plcg2,Satb1,,Nfatc3,,,,,,,,Smarcad1,Tmem141,Krtcap2,EG623849,,Bcl11a,,,4930579G24Rik,,Chd8,Dnmt3a,Btbd14b,Dffa,St3gal4,,Ccnd2,Thnsl1,Cib1,Mbnl3,Dusp2,
,Ncoa1,,Erp29,Dnajb9,,06-Sep,,,,,,,,Ccng2,Tuba8,Ghrl,Olfr114,,Dnajb6,,,Fam65b,,Pgs1,Lin9,Dhrs7b,Anapc4,Ehd4,,Ccnjl,Tiparp,Cit,Mcmbp,Dusp22,
,Wdr5,,Ly6c1,Exoc6,,Sar1a,,,,,,,,Dusp1,Frrs1,Zfp623,Sox12,,Hmgb1,,,G3bp1,,Polr3a,Clpb,Pola1,Nsun4,Angptl4,,Ccser2,Tmem106b,Ckap2l,Mdga1,Dynll1,
,Necap2,,Rchy1,Lat,,Kctd3,,,,,,,,Gal3st3,Icam4,Ly6k,Prkx,,Huwe1,,,Snrpa,,Atp6v1h,Ppp1r7,Pwp1,Cox6a1,Hyal2,,Cd274,Tmem123,Ckap5,Metap2,E2f2,
,BC024479,,Fes,Atad2b,,Sec61a1,,,,,,,,Ubash3a,Myom3,4932425I24Rik,Rbbp7,,Mef2c,,,Romo1,,Jak2,Tgfb1,Cybb,Med19,Pml,,Cd55,Tmem40,Cks2,Mettl6,Ect2,
,Enox2,,Csf3r,Dirc2,,Lmtk2,,,,,,,,Cep19,Haus8,ENSMUSG00000076563,B4galt4,,Myb,,,Cct2,,Ddx42,Ogdh,Oxr1,Smarcal1,Abca3,,Cd59a,Tmem47,Clec4d,Mex3b,Eef2k,
,5730494M16Rik,,Hells,Map3k8,,Add3,,,,,,,,Pkib,ENSMUSG00000063611,Slamf7,Fmnl2,,Rfc1,,,Tpm3,,Gstp1,Sap30bp,Atp5j,Gas5,Tmed9,,Cd63,Tmem64,Clspn,Mif,Eftud2,
,Zbed4,,Tnks,Rp2h,,Setx,,,,,,,,Fbxw9,Hist1h4i,Snapc3,Prdm9,,Runx1,,,1110054O05Rik,,Ets2,Exoc2,Rom1,Kcnb1,Dnalc4,,Cd81,Tmem80,Clstn3,Mlec,Egln1,
,Kpna1,,Col4a3bp,Rnase6,,1700021K19Rik,,,,,,,,Abcf3,Maz,Wdr51b,Map4k4,,Runx2,,,Nudt5,,Rsbn1,Zkscan1,Zcchc8,Rab22a,Tbc1d22b,,Cd84,Tsen2,Cmas,Mmgt1,Eif1ad,
,Mrps30,,Snx1,Parp8,,1810012P15Rik,,,,,,,,Phldb1,Gphb5,Gatm,Insig1,,Spib,,,Plscr1,,Mark3,2310008M10Rik,9630050M13Rik,Rbm14,Il1r1,,Cdc14b,Ttc21b,Cmc2,Mospd3,Eif4a1,
,Acss2,,Zwilch,2010107E04Rik,,Pex26,,,,,,,,Umad1,Hist1h3a,Hnrnpu,Mpeg1,,Tada2a,,,Cdk5rap3,,Jmjd2c,Tmem14c,Mrm1,Spryd3,2010321M09Rik,,Cdc42bpa,Ttc39a,Cmss1,Mpo,Eif4g2,
,Prpf40b,,Rapgef2,Dusp1,,Zfp384,,,,,,,,Stx1b,Olfr992,Folr1,Slc10a7,,Tceb2,,,Slc25a5,,AU021838,Man2b1,Slfn2,Mgat4a,Ube2b,,Cdc42bpb,Ttc41,Cmtr1,Mrpl15,Elf1,
,3830406C13Rik,,Qpctl,Ppp3ca,,Tmem184b,,,,,,,,Zbtb8os,1700065I17Rik,Cd79a,Gimap7,,Tcf19,,,Hmgb2,,Slc44a1,Smad7,Ebp,Cog8,Pik3r4,,Cdk14,Vash1,Cnot6,Mrpl16,Elk3,
,Eid1,,App,Snn,,P2rx7,,,,,,,,Rbl2,Hist1h1a,Cpa3,Tspyl2,,Tcf4,,,AI662270,,Paqr7,C85492,Gna15,Mettl8,Rnf185,,Cdkn1c,Vasp,Cnot9,Mrpl33,Emc3,
,Slc43a3,,Nars,Hpse,,Ankrd44,,,,,,,,Rnf40,Mycs,Micall1,Tbc1d24,,6030443J06Rik,,,Sf3b5,,D17Wsu104e,Cblb,Bcl2l12,Dera,Taok1,,Cep170b,Wdr11,Cntln,Mrpl48,Eno3,
,Ing5,,Sbno1,Tspan2,,Cnn2,,,,,,,,Ipo9,Trim54,Cd97,Taf5l,,C030017K20Rik,,,Uqcr10,,Chrnb1,Ubr5,Papss2,Ilf2,Kctd12,,Cep19,Zdhhc24,Coq3,Mrps2,Epb41l2,
,Lipa,,Slc25a17,Med1,,Map4k4,,,,,,,,Pomk,Hirip3,Dak,Fam38b2,,Eldr,,,Plek,,Hbegf,Tsg101,Sart1,Sqstm1,Stk11ip,,Cep70,Zfp1,Cotl1,Mrps22,Epb41l3,
,Aldh1a1,,Rhoh,Ets1,,Dgkz,,,,,,,,Arl3,ENSMUSG00000002791,Prpf4,9030619P08Rik,,Gm10193,,,Rgs2,,Bcl7b,Maea,2610002J02Rik,Gdf3,BC087945,,Cept1,Zfp11,Cox4i1,Mthfd2,Ephb2,
,Rfwd3,,Trmt6,A530032D15Rik,,Ncapd2,,,,,,,,Stard5,Tgm1,B230217C12Rik,Olfr350,,Gm13092,,,Gmfg,,Tfdp1,Tmem87a,C87436,Flcn,Rab8b,,Cers4,Zfp202,Cox5a,Mvb12a,Esr1,
,Hars,,Arl10,Tpd52,,Atp11b,,,,,,,,Lemd3,Kcnt1,Ifna7,Prss1,,Gm14161,,,Serf1,,Tk2,Atp6v1b2,Extl3,Pnpla2,Bmp1,,Cftr,Zfp462,Cox6a1,Myb,Ets1,
,Agtpbp1,,Stard7,Ggta1,,Sf3b2,,,,,,,,Zfp142,Epha8,I830077J02Rik,Eri3,,Gm14342,,,Larp4b,,H2-D1,Shmt2,Uvrag,3110001I20Rik,Macrod1,,Chchd7,Zfp65,Cox6b2,Nars,Evpl,
,Atxn2,,1810030O07Rik,Serpinh1,,Supt5h,,,,,,,,Klhl42,Pcgf1,A430078G23Rik,Ndufs2,,Gm16386,,,Sarnp,,Fes,Taf15,Prpf4,Il1rl1,BC060631,,Chd2,Zfp68,Cox6c,Ndc1,Ezr,
,Blcap,,D1Ertd622e,Pycard,,Leng8,,,,,,,,Tsacc,Nol6,Pes1,Egln1,,Gm26782,,,Klf13,,Ccdc69,Fxr1h,Ccdc130,Ednra,BC027231,,Chd7,Zfp961,Cox8a,Ndufaf5,Faah,
,Mesdc2,,Dnajb11,Bcdin3d,,Cd93,,,,,,,,Uty,Uts2,Slc36a1,Tsc2,,Pcdhgb4,,,6330577E15Rik,,Slc39a10,Rbm12,Kntc1,Ube2l3,Pscd1,,Chic1,,Cpne2,Nedd4,Fam102b,
,Eif2ak4,,Prdx5,Flt3,,Vps53,,,,,,,,Mef2a,Incenp,Ak5,Bex6,,Prorsd1,,,Cox6b1,,4930535B03Rik,Ube2h,Fbxl14,C1r,2010200O16Rik,,Chil5,,Cpsf2,Nek6,Fam173a,
,Igf2r,,Xylb,Tcf4,,Itpkb,,,,,,,,Rrm2b,Prc1,LOC435333,Tatdn3,,Ralgps2,,,Hdac2,,Fkrp,Prim2,Tbl2,Sil1,Mfsd1,,Chrnb1,,Creg1,Nin,Fam83d,
,Fpgs,,Pgd,Hus1,,Pink1,,,,,,,,Il3ra,Hemgn,N4bp2l2,BC019943,,Rpl22l1,,,2700094K13Rik,,Snx3,Ttc15,Ngly1,Xbp1,Kctd18,,Cic,,Creld2,Noct,Fancd2,
,Slc19a1,,Ncoa5,Cry1,,Camk1,,,,,,,,2010111I01Rik,4933400A11Rik,Rasgrp1,Cnn2,,Tex2,,,Tpx2,,Ing3,Ap1g2,Pdxdc1,Shoc2,Aggf1,,Cirbp,,Crip1,Npc2,Fancd2os,
,Lancl2,,Pdia6,Pmaip1,,Os9,,,,,,,,Aim2,P2rx1,Hyou1,Ttll11,,Tifab,,,Gnai3,,Sppl3,Lims1,Sap30,Eaf1,Rad50,,Cish,,Crtc3,Nploc4,Fancm,
,Aup1,,Rab31,Tlr7,,Yy1,,,,,,,,Tsc1,Zfp318,2310004I24Rik,Pdcd2,,Tmem107,,,Dnajc2,,Rbm34,Smap1,Plekhm1,Eps15l1,Cnnm2,,Cited2,,Cry1,Nudc,Fcho1,
,Kif20a,,1200011M11Rik,Cd74,,Hace1,,,,,,,,AY074887,Fmc1,0610010E21Rik,Nme4,,Tmem229b,,,Pde4b,,Tceal1,Ldha,Rnf146,Mrpl39,Rcbtb1,,Clca3a1,,Cse1l,Ola1,Fes,
,Opa3,,Sptlc2,5031414D18Rik,,Scd1,,,,,,,,Rpap3-ps2,P2ry1,Cd48,Prex2,,Xkrx,,,Txn1,,F730014I05Rik,Cxxc1,Tgfbr2,Rest,Cstf2t,,Clcn3,,Ctcf,Orai2,Fgd2,
,Tmem109,,Rybp,Eif2c2,,Ptgs1,,,,,,,,P3h1,9530015I07Rik,Cnot6l,Ube2q1,,Zcwpw1,,,Cenpf,,Adss,OTTMUSG00000010105,Add1,Mdfi,Xrcc2,,Cldn12,,Ctdp1,Os9,Fgd4,
,Ppp3r1,,Dusp6,Ubtd2,,Fntb,,,,,,,,Rcn2,Hinfp,Mre11a,Dnaja2,,Cntn1,,,Dpy30,,Lrrc8c,Tpx2,Herpud1,Csf1,Eya3,,Clec14a,,Cth,Osbpl5,Fkbp5,
,Mta3,,Cerk,Gramd3,,Vps8,,,,,,,,Slc25a13,Afap1l2,1700108M19Rik,Apol7e,,Tgfbr1,,,Sep-11,,Lemd3,Phospho2,Stk17b,Gnpnat1,Topors,,Clec1a,,Ctps,Otulinl,Flt3,
,Glrx5,,Riok3,2700081O15Rik,,Atg2b,,,,,,,,Itpk1,V1rf3,Zfp11,Pi4k2b,,Amica1,,,Ccnb2,,Suclg1,1200013B08Rik,Dexi,Birc4,Wbscr18,,Clip1,,Cttn,P2ry2,Fmnl1,
,Cs,,Cbfb,Actr1b,,Dock2,,,,,,,,Zfp219,OTTMUSG00000024895,Ankzf1,Lpar1,,Cd7,,,Rap1b,,9030418K01Rik,2310036O22Rik,Ankrd27,Extl2,Ppm1b,,Clip3,,Cuta,Pa2g4,Fndc10,
,Itga4,,Plekhb2,Leprotl1,,Cd9,,,,,,,,Abhd8,Angptl7,Hivep2,Theg,,Cd93,,,1190002H23Rik,,Mtbp,Mll3,9430016H08Rik,Il27ra,Xpo5,,Clip4,,Cyb5b,Padi2,Foxp1,
,2310022A10Rik,,Ero1lb,Tnfrsf13b,,Casc3,,,,,,,,Tes3-ps,Gm101,C1qtnf2,Paf1,,Ly6c2,,,Kif11,,Prdm4,Rnf38,Tpd52l2,Itch,C430004E15Rik,,Cln3,,Cycs,Palm,Frmd6,
,Tfrc,,Atrn,Cybasc3,,Eif3k,,,,,,,,Snap29,OTTMUSG00000006556,Syngr2,Pcca,,Ly6d,,,Arf6,,Rtn3,Cnih4,Epb4.1,Ogfr,C430048L16Rik,,Cltb,,Dach1,Pank1,Fth1,
,Psmd1,,Ykt6,Sh3rf1,,0610010K14Rik,,,,,,,,Ccdc163,Fbxw19,4930412M03Rik,Adh5,,Ly6e,,,Pds5a,,Lsm14a,Clip1,Wbscr22,Nrbp1,H6pd,,Clu,,Dap3,Pcbp1,Fzd9,
,Preb,,Igfbp4,Tmsb10,,Pik3r4,,,,,,,,Emid1,2410002O22Rik,Mapre2,Sccpdh,,Ly6g,,,Gata2,,Polr2a,Rab27b,Dscr3,Id1,Ccm2,,Cnpy4,,Dapk1,Pcyox1l,Gabpb1,
,Usp4,,I830077J02Rik,Armcx2,,Nup93,,,,,,,,Irf2,Smoc2,LOC435333  // LOC435333  // LOC435333  // LOC435333  // LOC435333  // LOC435333,Tmem208,,Pnn,,,Iqgap2,,D630004A14Rik,Abhd10,AW146020,Rab10,Phip,,Cnr1,,Dapp1,Pdia4,Gas6,
,Myh10,,Mrps27,Gnaq,,Rbl2,,,,,,,,Zfp763,Fgf12,Tc2n,8430406I07Rik,,Siglech,,,Pmf1,,Numa1,Fmnl3,Pip4k2b,Vps18,Dazap1,,Cnrip1,,Dars,Pdia6,Gcsam,
,Ttll1,,Mtmr3,Eed,,Itm2b,,,,,,,,Pomgnt1,ENSMUSG00000074517,Igk  // Igk,Ambp,,Stoml2,,,Slbp,,Ndufs4,Ctse,Rbms1,Tlk2,Pbx3,,Col16a1,,Dazap1,Pgam1,Gdap1,
,1500002O20Rik,,Eif4g3,Runx2,,Oxr1,,,,,,,,Trit1,ENSMUSG00000072677,Fto,Oxsm,,Tns1,,,Ifrd2,,Ankrd17,Stat5b,Hist1h3e,Mrps9,Ddi2,,Col4a1,,Dbf4,Pgk1,Gen1,
,Sepw1,,Rnf146,4931406C07Rik,,Itga2b,,,,,,,,Helq,Cbln1,Syk,Aldh1b1,,Adam10,,,Tmsb10,,Ulk1,Slmap,Ccrl2,Ccdc91,Gnl3l,,Coq8a,,Dctpp1,Phf5a,Gfi1,
,Rabgap1l,,Lamc1,H2-Ob,,Cttnbp2nl,,,,,,,,Smad1,Stab1,Dennd3,Tcfap2a,,Ptprf,,,Apex1,,Bmp1,Ankib1,Ube2a,Tcof1,4833439L19Rik,,Cox7a2l,,Ddias,Plac8,Ggta1,
,Aasdhppt,,Bphl,Etv5,,Naga,,,,,,,,Nkrf,Ppp1r13l,Gbp4,Katnal1,,Csf2rb2,,,Pfkl,,Ddx6,Cct7,Tapbp,Ammecr1,Akt2,,Cpne8,,Ddost,Plekhg3,Gins1,
,Arf6,,Arhgap21,Ccr9,,Trim35,,,,,,,,Pank3,OTTMUSG00000015762,Ascc2,Ap1s2,,Itgax,,,Fam64a,,Cd72,4933411K20Rik,Csnk1g1,Ccnt2,Lrp10,,Cpt1c,,Ddx27,Plppr3,Gins3,
,Grb10,,Wwc2,Tmem154,,Napsa,,,,,,,,Mgmt,Mett5d1,Olfr860,Wdr6,,Sell,,,Nop56,,Palb2,Ndufs8,Jtv1,0610010E21Rik,Pign,,Cr2,,Ddx39,Pmaip1,Glt8d2,
,Ccdc86,,Mtr,Ring1,,Ctdspl,,,,,,,,Nicn1,Gp5,Bmp2,Lax1,,Atp1b1,,,2900073G15Rik,,Gna-rs1,Cbx4,Zdhhc21,Gp5,4632417K18Rik,,Cracr2b,,Ddx41,Pold3,Gltp,
,Iars2,,Sepx1,Mef2c,,2510003E04Rik,,,,,,,,Sec61a2,Tas2r119,F2rl2,Maf1,,Slc41a2,,,Hist1h2ae,,Adssl1,Pprc1,Nufip2,Insr,Prkra,,Cramp1l,,Dek,Polr3k,Gm10384,
,Ube2d3,,Polr3b,Shq1,,Ptcd1,,,,,,,,Pomt2,Syngr4,Nf1,Magee1,,Tfrc,,,Hist1h2an,,Hk2,Cox7a2,Mgst1,Lrrc61,Rplp1,,Creb5,,Denr,Ppa2,Gm12504,
,Smpd4,,Runx1,Ctps2,,Lrrc59,,,,,,,,Ttbk2,Pgc,Tor1b,Lsp1,,Gm20721,,,Wdhd1,,Cadps2,Mrpl9,Tacc3,Galns,Tnpo2,,Crebrf,,Dhrs4,Ppat,Gm5111,
,Muted,,Stxbp3a,Serinc5,,Edem1,,,,,,,,Armcx2,Nanos1,Eif1a,Thrb,,Gm22030,,,Nrm,,Rhot2,Casp8ap2,AB124611,Hiatl1,Bola3,,Crim1,,Diaph1,Pphln1,Gm7694,
,Uspl1,,Lman1,Cdh1,,2310061C15Rik,,,,,,,,Cep97,ENSMUSG00000057802,Il7r,G3bp2,,Gm24085,,,H2afy,,Mpg,D10Wsu102e,Lpgat1,Rbm39,Abhd1,,Crisp2,,Diaph3,Ppm1f,Gng10,
,Nrf1,,Peli2,9230105E10Rik,,F2r,,,,,,,,Tnks,Hey2,Igk,100041306,,Gm25690,,,Nr4a2,,Ankrd49,Psap,Mrpl44,Dock2,Arl6ip2,,Crispld1,,Dipk2a,Ppp1r14b,Gng2,
,Cbr1,,Arhgdia,Traf6,,Nsun2,,,,,,,,Tmem161b,EG666730,Setbp1,1110028C15Rik,,Gm26727,,,Gnl2,,Mrpl50,Ubap2,Mobkl1a,G3bp2,Cradd,,Crlf3,,Diras2,Ppp1r7,Golm1,
,Ifrd2,,Zfp629,Rfx5,,Cln8,,,,,,,,Prpf39,4833418N17Rik,Stk40,Ly9,,Gm29084,,,Eif2s2,,Pdzk1ip1,Aig1,Tob2,4933434E20Rik,Zfp106,,Crls1,,Dlg3,Ppp2r1b,Gpr132,
,Mrpl38,,Ifitm3,Sdc4,,Blzf1,,,,,,,,Ift57,Ppat,Tcrg-V3,Bcs1l,,Gm29562,,,Asf1b,,Ube1dc1,Ict1,Twistnb,Creb3,Slc29a3,,Crybg1,,Dlgap5,Ppp4r3b,Gpr171,
,Dpy19l1,,Fbxo21,Map3k5,,Tbxas1,,,,,,,,Stk3,Asphd1,Prlr,Enkur,,RP23-1B19.2,,,Mef2c,,Tnip1,Ppp1ca,Tceb1,Akap8,2310038H17Rik,,Csad,,Dnajc11,Prtn3,Gpr65,
,Stam,,Rbbp7,Utp14b,,Grina,,,,,,,,Zfp275,Cd300lg,Chst1,Mettl7a1,,,,,Mcm7,,S100a1,Runx3,Ankrd13b,Tex264,Irak4,,Csrnp3,,Dnajc21,Ptbp1,Gsn,
,Fmr1,,Dhrs3,Bach1,,Cpne3,,,,,,,,Ccnj,Bsnd,Cd74,Defb43,,,,,Hmgn2,,Zfp180,Cirbp,Chmp2a,Lage3,H2-T23,,Ctdsp2,,Dnajc8,Ptgds,Gtse1,
,Msh6,,Serpinf1,Ly9,,Vasp,,,,,,,,Noc3l,Gclm,Csf2,Dnajb6,,,,,Mrpl54,,Uqcrfs1,Rassf5,Sema4a,Lat,Phf20l1,,Ctnnal1,,Dnajc9,Ptgr1,H2-Ab1,
,Smyd3,,Ets2,Igf2bp3,,Birc6,,,,,,,,BC035044,Tgfbr3,Butr1,Rnf214,,,,,Ncapg,,Smad2,Ralgds,Prdm2,Itm2b,Taf11,,Ctnnd1,,Dnmt1,Ptpre,H2-Eb1,
,Sp4,,Atp5g1,Zc3hav1l,,Lnpep,,,,,,,,Nfam1,EG636070  // EG636070,BC049730,Lgi3,,,,,Syce2,,Tpcn1,Thex1,Arfip1,5033414D02Rik,Bloc1s3,,Ctsf,,Dnph1,Pum3,H2-Ob,
,Nol10,,Fgl2,Slc44a2,,Wdr75,,,,,,,,Atp10d,Trim38,Pls1,Slc39a11,,,,,Mki67,,Aebp2,Acin1,Map4k1,Flvcr1,Ralb,,Ctsl,,Dpf2,Qrsl1,Helz2,
,Nktr,,B4galt6,Hnf4a,,Slco2b1,,,,,,,,AI987944,Prmt7,Asgr1,Dmp1,,,,,Tuba3a,,Mthfs,Emid1,Apc,Eif2c4,Ctdspl2,,Cuedc1,,Dpy19l1,Rab31,Hes6,
,Wdr36,,Fndc3b,Gata3,,Cdk5rap2,,,,,,,,2810025M15Rik,Gadd45g,Ido1,Olfr297,,,,,Nkg7,,Tmem80,Smc4,Daam1,Slc39a13,Lypla3,,Cx3cl1,,Dstn,Rab44,Hhex,
,Arrdc3,,Lrpap1,Nvl,,Nr1h2,,,,,,,,Spty2d1,Tll1,Ctss,Acy3,,,,,Zfp367,,Fer1l3,Rpl23,Vcam1,Cdc25b,Usp28,,Cyp26b1,,Dtl,Rbbp4,Hikeshi,
,Sqle,,Depdc5,Tmem55b,,Entpd1,,,,,,,,Smad6,Fam131c,Sbno1,Fnbp4,,,,,Dnttip2,,Zkscan14,Mrps9,Ppm1l,Cdk5rap3,Clp1,,Cyp2j6,,E2f1,Rbbp7,Hlx,
,Rnf214,,Ehmt2,Ppp3cb,,Gnaz,,,,,,,,Mapk8,4932441B19Rik,Rlim,P2ry14,,,,,Add3,,1700012H17Rik,2410018G20Rik,Akt1s1,Tmem57,Mrps30,,Cyp2j9,,E2f7,Rbl1,Hmmr,
,Ctage5,,Chmp2b,Nudt4,,Cldn12,,,,,,,,Simc1,Wnt6,Ly6e,H2-Ob,,,,,Mrpl42,,Foxj3,Zcchc3,Galnt2,Ghitm,Clec2i,,Cyp7b1,,E2f8,Rbmxl1,Hnf4a,
,Clic4,,Ugt1a7c,Sell,,Elp2,,,,,,,,Ptpn4,Nags,Pik3c3,Fbxo21,,,,,E130306D19Rik,,Cetn3,Mki67ip,Rpl28,1110007A13Rik,Cadps2,,Dcaf12l1,,Ebp,Rcc1,Hoxa9,
,Ecd,,Rabl5,Prkca,,Rfc1,,,,,,,,Ticam2,Trim17,Rexo2,Hbb-bh1,,,,,Imp4,,Gimap5,Sfrs4,Emp3,Luc7l2,Tars,,Dcaf12l2,,Ecd,Rfx7,Hsp90ab1,
,Fen1,,Ift57,Ddx17,,Alox5ap,,,,,,,,Arhgap27,Olfr1475,Glis2,Aldh1l1,,,,,Coq10b,,Hdac9,Cct2,Tmem38b,Afg3l2,EG633640,,Dcaf5,,Eif1b,Rinl,Hspa9,
,Ccdc123,,Pctp,Ifnar2,,Fbxl14,,,,,,,,Tnfrsf10b,Ferd3l,Icos,Tnip3,,,,,Prim1,,Aurkaip1,Rnf144b,Nfatc3,Usp47,A630047E20Rik,,Dcaf6,,Eif2s1,Riox1,Icos,
,Spryd4,,Sla,Smg7,,Vti1a,,,,,,,,Maoa,Tardbp,Cry1,Prkcd,,,,,Snrpb,,D5Ertd40e,Mthfd1l,Traf3ip1,Dpp8,Cdc20,,Dcbld1,,Eif2s2,Rmi2,Id2,
,Sfmbt1,,Dhx29,Cdc42se2,,Rnf181,,,,,,,,Cyb5d2,Diap1,ENSMUSG00000073728,Dock2,,,,,Spcs3,,Txnrd1,Abcb8,Qpctl,Itfg1,0610009O03Rik,,Dcbld2,,Eif3b,Rnaseh2b,Ifi203,
,Prkaa1,,Glce,Ankfy1,,Hexa,,,,,,,,Slc26a9,Lipi,Blnk,Sesn1,,,,,Nrgn,,Rmnd5a,Cisd2,2310061C15Rik,Aco1,Map2k6,,Dctn2,,Eif4a3,Rnf219,Ifi27,
,Rfx5,,Prtn3,Slc38a1,,Gabbr1,,,,,,,,Ocstamp,Rnf207,Tcl1b3,Xlr3c,,,,,Qars,,6430510M02Rik,Rbm7,Hn1,Usp8,Scamp3,,Ddit4,,Eif4e,Rnpep,Ifi27l2a,
,Lonp2,,Rfk,Ppm1l,,Nptn,,,,,,,,Epm2a,Scap,Spag9,Usp11,,,,,Csda,,Ndor1,3110002H16Rik,Pmf1,Yme1l1,Qsox2,,Ddx17,,Eif4h,Rpf2,Ifnar2,
,Aco2,,Dusp19,Plxdc2,,Lrch4,,,,,,,,Lrrc8b,Tdrkh,Thumpd2,Ckt2,,,,,Lrrc58,,Lhfpl2,Rtel1,D530033C11Rik,Smpdl3a,Cstf3,,Ddx50,,Eif5a,Rps27l,Ift81,
,Ylpm1,,Ptcd3,Il6st,,Atp5j,,,,,,,,Lrrc74b,Slc26a5,11-Sep,Rpl19,,,,,Lyar,,2310007H09Rik,Ocrl,Sphk2,Zfp672,Eif2s2,,Ddx60,,Eif6,Rrbp1,Igf2r,
,Setd8,,Pcyox1,Calu,,Bnip2,,,,,,,,Zfp946,Pcnxl2,Ticam1,Tspan2,,,,,Ncapd2,,Rgs14,Slc38a2,Ankzf1,Ttc4,Stub1,,Dennd1c,,Eipr1,Rsl1d1,Igsf9,
,6330578E17Rik,,Wee1,Ndel1,,Rab37,,,,,,,,Znf512b,Robld3,Acot5,Fbxw4,,,,,Ptp4a1,,Gm962,Arid1b,Nola2,Sf4,Gtf3c2,,Dennd2d,,Emc6,Rtn3,Ikzf1,
,Thra,,Mterfd1,Smn1,,Dusp16,,,,,,,,Ecm2,Sdcbp2,06-Sep,Bcl6,,,,,Ppp1cc,,Tsc22d4,Uqcrb,Zmat3,Prei4,Nbr1,,Dexi,,Emilin2,Scamp3,Il10rb,
,4933424B01Rik,,Dpagt1,Ccnd1,,Akap8,,,,,,,,Trim14,Ceacam20,Cacna1h,Nr0b1,,,,,Ptpn7,,Arcn1,Uap1l1,Cd84,Centa1,Phc2,,Dgkg,,Emp3,Sdf2l1,Il12a,
,Rnf2,,Top1,Pcnx,,Scpep1,,,,,,,,Rnls,Olfr417,Tmsb4x,Sestd1,,,,,Hist1h2ai,,Atxn3,Clta,Ndufs3,Znrd1,Ifih1,,Dlc1,,Endod1,Sec23ip,Il16,
,Mlh1,,Ripk1,Tmem119,,Cd4,,,,,,,,Extl2,Wfdc3,Gpm6b,Tceal6,,,,,Pycrl,,Cenpb,Pgk1,Mcoln1,Zfp574,Myo1c,,Dlg2,,Epdr1,Sell,Il17ra,
,Dyrk3,,Tbl1x,Fyn,,Fancd2,,,,,,,,Ipp,Olfr633,Gm1419,Procr,,,,,Cd93,,Ier3,Bzw2,Glrx3,Gng12,Kif18a,,Dlg5,,Epg5,Selp,Il17re,
,Taf2,,Ash2l,Deaf1,,Atp1b1,,,,,,,,Shmt1,Fbrs,Pole3,Tspyl1,,,,,Prc1,,Olfr632,Cbx2,Armcx2,Gna13,Glul,,Dlgap4,,Epor,Senp1,Il1r1,
,Ppp1r15b,,Arhgef6,Ampd3,,Mertk,,,,,,,,Armcx5,Dynll2,Rrp1b,Ctsa,,,,,AI848100,,Tmem161b,Nup54,Las1l,D1Pas1,Dync1h1,,Dmxl2,,Erbin,Sep-11,Il31ra,
,Angel2,,Tmem48,Klhdc5,,Zfp592,,,,,,,,Arap2,Atpbd3,Elp2,Xlr3b,,,,,Cetn2,,Zeb2,Nt5c3l,Sec61a1,Nudt7,Lrrc40,,Dnaaf3,,Eri1,Serpinb1a,Il6ra,
,Eif2b5,,Adpgk,Rc3h1,,Sirpa,,,,,,,,Tgfbr3l,Hist1h3g,Zp4,ENSMUSG00000055181,,,,,Ndc80,,Pik3cb,Gltp,Fancd2,Siae,Acot8,,Dnajb2,,Esco2,Sestd1,Il6st,
,Acsl1,,Unc93b1,Cklf,,Pttg1ip,,,,,,,,Zfp90,Rabepk,Fbxo2,Arl8b,,,,,Bap1,,Fcmd,Wipf2,Htf9c,Pygb,Rag1ap1,,Dnajb4,,Esyt3,Set,Impa2,
,Asns,,Smad2,Prdm2,,Tln1,,,,,,,,Icam1,Rltpr,Irf4,BC055004,,,,,Mcm6,,Igf2bp2,Cyc1,Sep-01,Dhx8,Uap1,,Dok1,,Etf1,Sh3kbp1,Ipcef1,
,Ccdc45,,Slc30a7,St3gal6,,Gmip,,,,,,,,Fpgt,4930556L07Rik,Rtn3,Olfr1423,,,,,Tk1,,Iws1,Treml2,Ywhag,Jmjd1a,Atxn7l1,,Dpy19l3,,Etfb,Shmt1,Iqgap1,
,Uhrf2,,Galnt1,Pstpip1,,Slc35b2,,,,,,,,B4galt5,Polr2e,Kcnh1,Limk1,,,,,Rc3h1,,Zdhhc9,Pddc1,Ccndbp1,Dnase1l1,C430003P19Rik,,Dsel,,Exo1,Siglecf,Irf2bp2,
,Ccna2,,Cyb5b,Slc6a6,,Emilin1,,,,,,,,Enthd2,Abcb11,BC057170,Fam48a,,,,,Cox5a,,Taf5,0610009O03Rik,Rfwd3,Pms1,Snip1,,Dsg2,,Exoc3l2,Slc16a10,Irf7,
,Hcfc1,,Btbd10,Prkd2,,Fmnl1,,,,,,,,Adprm,Spef1,Dusp11,Il15ra,,,,,Golt1b,,Gtf3c3,Cxcl4,Cobll1,Ap1gbp1,Ptprj,,Dst,,Exosc1,Slc25a13,Irf8,
,Relt,,Gorasp2,Lifr,,Renbp,,,,,,,,Pigu,Eps8l3,Rnf38,Olfr574,,,,,Utp11l,,Ccdc115,Dtd1,Bap1,Rfc1,Hps6,,Dstyk,,Exosc6,Slc25a5,Itgal,
,Vcl,,Eps15,Sec16b,,Nedd4,,,,,,,,Zfp770,Nlrp2,08-Mar,Rab40c,,,,,Smc2,,Scfd2,Atp6v0b,Jak3,Abtb1,Eid2,,Dus2,,Exosc8,Slc28a2,Itgam,
,Nfe2l2,,Cox7c,Gfpt1,,Ttyh3,,,,,,,,Cep104,Rbm42,Slc11a2,Efcab4b,,,,,Med8,,Zfand6,Mrpl24,Gna12,Bzrpl1,Slc25a16,,Dusp16,,Ezh2,Slc28a2b,Itgax,
,Rab3gap1,,Nde1,Pnpla6,,Myh9,,,,,,,,Spata6,Nrarp,Huwe1,H3f3a,,,,,Calm3,,Efna1,Cnnm3,Gtpbp2,Zbtb44,Larp4,,Dusp26,,F2r,Slc4a8,Itgb5,
,Usp46,,Pcgf3,Fkbp1a,,Pkmyt1,,,,,,,,Lpar6,Klk15,Gpr116,Defb41,,,,,Hsp90aa1,,Col4a1,AI451617,Abcd3,Pecr,Sesn2,,Dynlt3,,F2rl2,Slc7a8,Itgb7,
,Trmt1,,Ppp1r12a,1110003E01Rik,,Ctr9,,,,,,,,Acox2,Ceacam13,Ptprc,Prpf6,,,,,Arid1a,,AU020772,Tnfaip3,Rfc4,D6Wsu116e,Ankrd49,,Ebi3,,Fabp5,Slco3a1,Itpr2,
,Hipk3,,Tcf20,6330416G13Rik,,Stk17b,,,,,,,,Zbed3,Olfr1513,Dync1li2,Drg1,,,,,Klf10,,Tinagl,D4Wsu53e,Rab28,Cnot6l,Itfg2,,Ece1,,Fam111a,Snord13,Itpripl1,
,Taf4a,,Nucb1,H2-Q6,,Dph2,,,,,,,,Six5,Ube2c,Tyrobp,Mtss1,,,,,Ddx39,,Tmc3,Sgms1,Arrb2,Med4,Hadhb,,Ecm1,,Fam126a,Snrpa1,Ivd,
,Dot1l,,Gpr97,Ptprc,,Gna12,,,,,,,,Usp28,Yaf2,V1rh4,Crispld1,,,,,Nucks1,,BC063749,Fbxo5,Antxr2,Ncapg2,Pygo2,,Ecm2,,Fam171a2,Spcs2,Jakmip1,
,Mtfr1,,Ikbkb,Parp9,,Aldh3a2,,,,,,,,Mxra7,Aff2,Sh2b1,Rnpep,,,,,Cbx1,,Nxnl2,,Wdr41,Lemd2,Phf17,,Ecscr,,Fam189b,Spns3,Kbtbd11,
,Racgap1,,Agpat6,Gng2,,H1fx,,,,,,,,1700112E06Rik,Slc14a1,Arhgap15,Obfc1,,,,,Pfn1,,Tbc1d17,,Pak1ip1,,Hist1h2bk,,Edar,,Fam192a,Srsf7,Kcnh2,
,Ndel1,,Surf4,Rnf14,,Crebbp,,,,,,,,Coq3,Itih1,Klhl1,Apol7b,,,,,Gtl3,,BC022623,,Ero1l,,4922503N01Rik,,Eef2kmt,,Fanci,Ssb,Kcnk12,
,Ppm1a,,Rbmx,Sdc1,,Ell,,,,,,,,Plekhg5,Tcfap2e,2310079G19Rik,Ms4a6d,,,,,Cox8a,,Cc2d1b,,Ly6c1,,Nvl,,Eepd1,,Fbxo5,Ssr2,Kctd12,
,Mrpl37,,Pdik1l,Rock1,,Hp1bp3,,,,,,,,Cldn34c1,Sult1a1,Tfb1m,Arl6ip4,,,,,Zrsr2,,Maml3,,Rtn4ip1,,Ahsa1,,Efcab14,,Fem1b,Strap,Kif17,
,Ccnd1,,Csnk2a2,Rassf5,,Eps15l1,,,,,,,,Glis2,Nbl1,Spcs3,Agps,,,,,Hadhb,,Papd4,,Lyzs,,Gypc,,Efcc1,,Fen1,Svip,Kif23,
,Gosr2,,Tesk2,Xrcc5,,Lpp,,,,,,,,Btbd7,H2afz,Olfr640,Satb1,,,,,Akr1b3,,Cpeb4,,H2-D1,,Vars,,Efna1,,Fermt3,Synpo2,Kif4,
,Ndufa2,,Actr8,Coro2a,,Heatr6,,,,,,,,Dntt,A2bp1,Rarg,Zfp295,,,,,Cdk2ap1,,Gm50,,Hspa5,,Zbtb24,,Efnb1,,Fignl1,Tacstd2,Kpna3,
,Gdf3,,Tbc1d22b,Zfp238,,Litaf,,,,,,,,Per1,Adamts7,Slc5a4b,Zfp85-rs1,,,,,Ssr4,,Pcgf2,,Ttc13,,Laptm4b,,Efnb2,,Fkbp4,Tedc2,Lactb,
,Deaf1,,Ric8,Lmo4,,Rab5c,,,,,,,,Ankrd13d,Bbs1,Isg20,Sunc1,,,,,Lgals9,,Ripk2,,Gnptab,,Wbp2,,Ehd3,,Flna,Thoc6,Lat2,
,Bap1,,Ccnh,C130026I21Rik,,Psip1,,,,,,,,Abhd12,EG623166,Nfatc3,Vps26b,,,,,Anp32e,,Slc25a12,,Crot,,Rchy1,,Ehmt1,,Fmc1,Tjp1,Lax1,
,Prcp,,Pkm2,Emb,,Pld1,,,,,,,,Idua,Fam179a,Stx3,Hdac9,,,,,Runx3,,Psmb10,,Kars,,Klhl23,,Ei24,,Foxm1,Tkt,Lbh,
,Usp54,,Prr14,Galnt4,,Dexi,,,,,,,,Plekha1,Npas1,EG333669,Rnf149,,,,,Itga2b,,Pno1,,Ssr2,,Tceb3,,Eid2,,Frrs1,Tmem150b,Lck,
,Rc3h1,,Nup155,Osbpl11,,Mbtps2,,,,,,,,Ccdc69,Hoxb2,Fgf2,Rnf130,,,,,Ngdn,,Sfrs12,,Thbd,,Polr1e,,Eif1,,Fut10,Tnpo1,Lcp1,
,Bcl2l13,,5730590G19Rik,Cd53,,Ctdp1,,,,,,,,Dimt1,Ocel1,Aldh1l2,LOC665703,,,,,Ranbp1,,Cabc1,,0610007P08Rik,,Taf5l,,Eif4a2,,Fxn,Topbp1,Lfng,
,BC023829,,Mbnl1,Jun,,AW146020,,,,,,,,BC021785,9330158H04Rik,Hoxd13,Cd34,,,,,Rrm1,,Lrrc8d,,Zh2c2,,Chd1,,Elavl4,,Fyb,Trim13,Lgals8,
,Kras,,Nrp1,Nckap1l,,Ddit4,,,,,,,,Mtrf1l,Ccdc127,4922502D21Rik,Gem,,,,,Ak2,,Pde2a,,Slc41a1,,Tmpo,,Eml5,,Fyn,Trim28,Litaf,
,Sec24c,,Dbr1,Ercc6,,Gnb2,,,,,,,,Dnmt3b,Fbxo39,Cyp11b1,Atp1a3,,,,,Psmd11,,Tmem111,,Pcyox1,,1200014M14Rik,,Enah,,Fzr1,Trim35,Lpcat2,
,Eif4g1,,Nudc,Mllt10,,2610002D18Rik,,,,,,,,Zbtb8a,Cdkn3,Ergic1,Tnni2,,,,,Rnaseh2c,,Derl1,,Sgsm2,,Ift80,,Eng,,G6pc3,Trmt6,Lpin2,
,Gja1,,Akt3,Dock11,,Nsmce2,,,,,,,,Klhl2,Olfr116,Steap4,Cnp,,,,,Prdx4,,Mpp5,,Glrx,,Racgap1,,Enpp5,,Galk1,Trps1,Lrp1,
,3110082I17Rik,,2010107E04Rik,Nfkbia,,Slc9a3r1,,,,,,,,9030619P08Rik,Mc1r,Cdh2,Gng10,,,,,Cct6a,,Mfsd11,,Ly6c2,,Tmem50a,,Epb41,,Galnt1,Tspo,Lsp1,
,Ltv1,,1110054O05Rik,Dclre1b,,Specc1l,,,,,,,,RP23-447N11.3,Esx1,Ttll8,Arih1,,,,,Rfc4,,Ank,,Synj2bp,,Pole3,,Epb41l4aos,,Gata1,Tspoap1,Ltc4s,
,Phf12,,Hmgcr,Jakmip1,,Camta2,,,,,,,,Tmem191c,Myo15,Plac1l,Mmaa,,,,,F2r,,Slc30a9,,Rnf121,,Smad1,,Epb41l4b,,Gatad2a,Ttyh3,Lztfl1,
,Gfpt1,,Stam2,Rdh10,,Eml4,,,,,,,,Dlgap4,1110006O24Rik,Dppa5a,Zfp106,,,,,Cdk1,,Scyl2,,Plcg1,,,,Epb41l5,,Gfi1b,Tyrobp,Macf1,
,Luc7l2,,Mylip,Zfp260,,Med24,,,,,,,,Fndc3a,Melk,Trmt5,Fam114a1,,,,,Tuba1b,,Mnt,,Nol12,,,,Epb42,,Gins4,Uhrf1,Macroh2a1,
,Epb4.1,,Ppp3ca,Bmp2k,,Gramd1b,,,,,,,,Nfil3,Pgp,R3hdm1,Tanc2,,,,,Ahcy,,Bxdc5,,Tcea1,,,,Eps8l1,,Gk5,Usp14,Maml3,
,Stk38,,Pptc7,Armc7,,Eif2ak2,,,,,,,,Sema4c,A730045E13Rik,Krt80,Nsfl1c,,,,,0610007L01Rik,,Degs1,,Cd79b,,,,Erc1,,Gmnn,Usp37,Man1a,
,Ezh1,,Aplp2,Cd79b,,Bsdc1,,,,,,,,Slc2a1,Klhl8,Selm,EG209380,,,,,Dnmt1,,Leprel2,,Dtx2,,,,Erf,,Gmpr,Utp14b,Map3k1,
,Prpf19,,Mad2l2,Mxd1,,,,,,,,,,Slc39a14,Dcdc2a,Tmtc3,Emp1,,,,,Uhrf1,,Hs1bp3,,Herc4,,,,Esam,,Gmps,Wdr12,Map3k5,
,E2f8,,Hpse,Vezf1,,,,,,,,,,H2-DMb1,Kctd13,Ccdc125,Pfkfb1,,,,,Sfxn1,,Zfp106,,Sumf2,,,,Etl4,,Gnb4,Ybx1,Map4k4,
,Plk1,,Pfkp,Pik3r1,,,,,,,,,,Scnm1,OTTMUSG00000010432,Ms4a6c,Bco2,,,,,Cd34,,Mbtps2,,Ndufa12,,,,Etv3,,Got1,Ywhaq,Marcks,
,Ipo11,,Tgm1,Casp6,,,,,,,,,,Rnf13,A430057M04Rik,Pabpc1,Srl,,,,,Paics,,Hist1h1c,,Erlin2,,,,Etv6,,Gp1bb,Zbed4,Marcksl1,
,Elk4,,Trip10,Rhof,,,,,,,,,,Med26,Hist1h3f,Tgtp,Crybg3,,,,,Umps,,Dapk3,,Lin9,,,,Eva1b,,Gp5,Zbtb16,Mbd3,
,Tmem131,,Gtf2h2,Dvl2,,,,,,,,,,Aamdc,1110001A07Rik,Ets1,Slc39a7,,,,,Erh,,Agtrap,,,,,,Evc,,Gp9,Zc3hav1l,Mboat1,
,Trim33,,Slain2,Gem,,,,,,,,,,Calhm2,Fam54a,2410022L05Rik,4930432K09Rik,,,,,2210013O21Rik,,Mphosph10,,,,,,Evc2,,Gpaa1,Zfp217,Med13l,
,Tnpo3,,Gmfg,Cln8,,,,,,,,,,Uevld,E130306D19Rik,Nlgn2,Defa5  // Defa5  // Defa5,,,,,Myg1,,Mcee,,,,,,Exoc6b,,Gpsm2,Zfp367,Mef2c,
,Fem1a,,Hk3,Klf6,,,,,,,,,,Paqr3,0610025J13Rik,Dbil5,Gm884,,,,,Neil3,,Prkaca,,,,,,Eya1,,Gpx1,Zfp704,Mettl15,
,2610002M06Rik,,Rps6ka1,Sp140,,,,,,,,,,Rpp40,1110020G09Rik,Mrps2,Mbtps1,,,,,Vapa,,Tbc1d20,,,,,,Eya2,,Grb2,,Mettl9,
,Iars,,Diap1,Pim2,,,,,,,,,,Ttc30a1,Tbr1,Naip5,Zc3h7b,,,,,Nr4a1,,Vapb,,,,,,Ezh1,,Grk6,,Mfap3,
,Tomm70a,,Sfpi1,Arhgef12,,,,,,,,,,Plscr4,EG622645,Ppp2r2a,Map3k8,,,,,Mat2a,,,,,,,,F11r,,Gse1,,Mgat1,
,Fbxo25,,Foxred2,Gtpbp2,,,,,,,,,,Plcxd2,EG665772,Tmem134,1810011O10Rik,,,,,Tdp1,,,,,,,,F830016B08Rik,,Gstm5,,Mgst2,
,Bag2,,Sypl,Arnt,,,,,,,,,,Nsun6,B4galt7,Eaf2,Ddhd1,,,,,Ssr1,,,,,,,,Fads1,,Gtf2a2,,Mical1,
,Anp32e,,Ide,Gcnt2,,,,,,,,,,Dhdh,Hnrnpa0,Nrp2,Tspan6,,,,,Mdh2,,,,,,,,Fam171a1,,Gtf3c5,,Mier3,
,Pcm1,,Lactb2,Pak2,,,,,,,,,,3110001I22Rik,Htr3a,,,,,,,Hist1h2ah,,,,,,,,Fam171b,,Gtpbp1,,Milr1,
,Uqcrc1,,Ftsj2,Capn2,,,,,,,,,,Magi2,Litaf,,,,,,,Hist1h2ab,,,,,,,,Fam174a,,H1f5,,Mllt11,
,Nqo2,,Rtn4ip1,Atp8b2,,,,,,,,,,Rbm18,G730046D07Rik,,,,,,,Gnb2l1,,,,,,,,Fam174b,,H2ac11,,Mmd,
,Clybl,,Atp2b1,Itpr1,,,,,,,,,,Tmem198b,EG383032  // EG383032,,,,,,,Pdcd5,,,,,,,,Fam210b,,H2ax,,Mn1,
,Scamp3,,Snrpd2,Fgr,,,,,,,,,,Zfp287,Slc2a4,,,,,,,Fxn,,,,,,,,Fam241b,,H2az2,,Mndal,
,Rab4a,,Cry1,Npepps,,,,,,,,,,Tcf7l1,Mepe,,,,,,,Dbf4,,,,,,,,Fam43a,,H2bc11,,Mob2,
,Bbs9,,Parg,Pogz,,,,,,,,,,Sbk1,Hist2h2bb,,,,,,,Ppat,,,,,,,,Fam71e1,,H2bc12,,Mob3a,
,Cyb5r3,,Acot7,Prkcd,,,,,,,,,,Lif,Atg9a,,,,,,,Mbnl3,,,,,,,,Fam83g,,H3c8,,Mpnd,
,Blvrb,,Sesn1,Mpeg1,,,,,,,,,,Clock,EG233075,,,,,,,Fosb,,,,,,,,Fbrs,,H4c6,,Mpp1,
,Glo1,,Pmaip1,Ppt1,,,,,,,,,,Ccdc60,620946,,,,,,,Gins2,,,,,,,,Fbxl12,,Haspin,,Msra,
,1200011I18Rik,,Spag7,Fosb,,,,,,,,,,Trps1,Tecpr2,,,,,,,Prdx1,,,,,,,,Fbxo16,,Haus3,,Msrb3,
,Fnbp4,,Mgrn1,Fchsd2,,,,,,,,,,RP23-59B8.2,Syt7,,,,,,,Set,,,,,,,,Fbxo32,,Haus5,,Mtdh,
,Slc31a1,,Hvcn1,Hdac8,,,,,,,,,,Dock1,1700104A03Rik,,,,,,,St13,,,,,,,,Fbxo9,,Haus8,,Mtss1,
,Ss18,,Smc3,Mcart6,,,,,,,,,,Zfp945,Trim29,,,,,,,Cse1l,,,,,,,,Fcgrt,,Hdac7,,Mylip,
,Upf2,,Gstm1,Slfn8,,,,,,,,,,Letm2,Cno,,,,,,,Gtpbp4,,,,,,,,Fcho2,,Hdgf,,Napsa,
,Phf10,,Thap2,Rnf150,,,,,,,,,,Aldh6a1,Epn2,,,,,,,Ubap2l,,,,,,,,Fchsd1,,Hectd1,,Nav1,
,Herpud2,,Gtf2e1,Chrne,,,,,,,,,,Eepd1,Ttk,,,,,,,Pgm1,,,,,,,,Fgd5,,Helb,,Ncaph,
,Lrpprc,,Lrp6,Hivep2,,,,,,,,,,Atg14,Abcc12,,,,,,,H2afx,,,,,,,,Fgfr1,,Hemgn,,Ncf1,
,Zcchc6,,Ythdf3,Rab21,,,,,,,,,,Vav3,Kif20b,,,,,,,Spc25,,,,,,,,Fgfr3,,Hint1,,Ncf4,
,Pds5b,,Pdcd11,Sgpp1,,,,,,,,,,Hif1a,Gng7,,,,,,,Taok3,,,,,,,,Fhdc1,,Hirip3,,Ndc80,
,Phactr4,,1700025G04Rik,Rhob,,,,,,,,,,Zfp354a,Mybph,,,,,,,1700029F09Rik,,,,,,,,Fhl1,,Hist1h2ap,,Nde1,
,Suz12,,Rab32,Kcnj14,,,,,,,,,,Tfpi,Fkrp,,,,,,,Hmmr,,,,,,,,Flrt1,,Hjurp,,Nemp2,
,Blm,,Map3k1,Mfsd8,,,,,,,,,,Tbc1d4,Pcx,,,,,,,Mif4gd,,,,,,,,Flrt3,,Hk1,,Nfam1,
,E2f6,,Slc25a12,Slc30a5,,,,,,,,,,1700025G04Rik,Kprp,,,,,,,Impdh2,,,,,,,,Flt3l,,Hmces,,Nim1k,
,Napg,,Suv39h1,Btg2,,,,,,,,,,Epha7,Papln,,,,,,,Fam195b,,,,,,,,Flywch2,,Hmgb1,,Nlrc3,
,Itch,,Setd5,Fos,,,,,,,,,,RP23-60D3.3,Rplp1  // Rplp1  // Rplp1,,,,,,,Btg2,,,,,,,,Fmnl2,,Hmgb2,,Nlrp1a,
,Pcid2,,Ttc7,Atp1b1,,,,,,,,,,P3h2,Kcnq4,,,,,,,Mapk1ip1l,,,,,,,,Fmo5,,Hmgb3,,Nme2,
,Qtrtd1,,Acpl2,Sema4d,,,,,,,,,,Zfp790,B630019K06Rik,,,,,,,Cdkn3,,,,,,,,Fnbp1,,Hmgn5,,Nme4,
,Dicer1,,Tmem57,Arpc1b,,,,,,,,,,Pisd-ps2,Olfr1102,,,,,,,Ndufaf2,,,,,,,,Fnbp1l,,Hnrnpc,,Nmral1,
,Eif2ak1,,Hipk1,Fastkd5,,,,,,,,,,Nlrc4,Bmp3,,,,,,,Esco1,,,,,,,,Focad,,Hnrnpd,,Notch1,
,Alkbh5,,Plod3,Mocs2,,,,,,,,,,Il15,Spocd1,,,,,,,Ybx1,,,,,,,,Foxa3,,Hnrnpll,,Notch2,
,Mat2a,,Prdm10,Lck,,,,,,,,,,Lmbr1,Rbm38,,,,,,,Rrm2,,,,,,,,Foxd2,,Hsd17b4,,Nrm,
,Ifih1,,Isy1,Dhx33,,,,,,,,,,Exoc6b,Mrps12,,,,,,,Cdk4,,,,,,,,Foxd2os,,Hsd3b7,,Nrros,
,Prpf3,,Cdca7l,Uhmk1,,,,,,,,,,Gpatch3,Psmg4,,,,,,,Ddx6,,,,,,,,Foxo1,,Hspa2,,Nsd2,
,Btrc,,Rbl1,Myh9,,,,,,,,,,A130010J15Rik,Aplp1,,,,,,,Slc38a2,,,,,,,,Foxred2,,Hspd1,,Nsmce1,
,Mcart1,,Psmb9,Lfng,,,,,,,,,,Sirt5,Zfp579,,,,,,,Atpif1,,,,,,,,Frmd4b,,Hspe1,,Nuak2,
,Kdelr2,,Kctd13,Stk17b,,,,,,,,,,Slc39a6,Ptgs1,,,,,,,Tyms,,,,,,,,Fscn1,,Icam4,,Nub1,
,4933439F18Rik,,Fastkd3,Rel,,,,,,,,,,Lck,Wfdc16,,,,,,,Vps35,,,,,,,,Fsd1l,,Il1rl1,,Nucb2,
,Prkar2b,,Rassf4,Sp110,,,,,,,,,,Hspb7,Gpr156,,,,,,,Klf4,,,,,,,,Fstl1,,Inafm1,,Numb,
,Ssbp3,,Atp6v1b2,Pigy,,,,,,,,,,Zfp606,2310014D11Rik,,,,,,,Suclg2,,,,,,,,Furin,,Incenp,,Nup210,
,Nlk,,Anxa5,Mtss1,,,,,,,,,,Kcnq3,Kif11,,,,,,,Gmnn,,,,,,,,Fxyd1,,Inip,,P2rx7,
,Npepps,,Gria3,Gimap4,,,,,,,,,,BC048546,OTTMUSG00000000469,,,,,,,Kif15,,,,,,,,Fzd5,,Inka1,,P2ry10,
,Ppp1r9b,,Mgst1,Slc9a6,,,,,,,,,,Ccdc102a,Zfp46,,,,,,,Zbtb11,,,,,,,,Fzd6,,Ino80c,,P2ry13,
,Uap1,,Echs1,Ppapdc2,,,,,,,,,,Grid2,Ppp1r3a,,,,,,,Hp1bp3,,,,,,,,Gabbr1,,Ints5,,P2ry14,
,Rab43,,Iqgap2,Marcks,,,,,,,,,,Armc3,Dbx2,,,,,,,Ncbp2,,,,,,,,Gabbr2,,Iqgap3,,P4ha1,
,Dbf4,,Cdyl2,Rabep1,,,,,,,,,,Hoxa5,Gja1,,,,,,,Mcm5,,,,,,,,Gadd45g,,Itga2b,,Pag1,
,Asb7,,Abhd5,Pde7a,,,,,,,,,,Phf13,Ptms,,,,,,,Skil,,,,,,,,Galc,,Itga4,,Pald1,
,Mbnl3,,Ap3s1,Nfe2l1,,,,,,,,,,Lrp3,Olfr1123,,,,,,,Dek,,,,,,,,Gata2,,Itga6,,Pan3,
,Pspc1,,Tnfrsf13b,Kpna6,,,,,,,,,,Prkag2,Rfc3,,,,,,,Hint1,,,,,,,,Gata3,,Itgb1,,Paox,
,Scly,,Cybasc3,Aff4,,,,,,,,,,Il12a,Olfr887,,,,,,,Mms19,,,,,,,,Gbp10,,Itgb2,,Paqr5,
,Ubr2,,BC013712,Inadl,,,,,,,,,,Adgrl4,Slc18a2,,,,,,,Wdr77,,,,,,,,Gbp4,,Itgb3,,Pard6g,
,Phb,,Slc35e3,Glg1,,,,,,,,,,2010107G23Rik,Ntn5,,,,,,,Usp39,,,,,,,,Gbp6,,Jpt1,,Park7,
,Oat,,Tnpo1,Hif1a,,,,,,,,,,Adam11,Aqp1,,,,,,,Bub1,,,,,,,,Gbp8,,Jpt2,,Parp1,
,Tmem164,,Armcx2,Maml1,,,,,,,,,,Mitf,I0C0044D17Rik,,,,,,,Cenpm,,,,,,,,Gcnt1,,Kcnc1,,Parp8,
,Phf23,,Ptger3,Zfyve1,,,,,,,,,,Itgax,Cog8,,,,,,,Magoh,,,,,,,,Gda,,Kcnn4,,Parvg,
,Pgm1,,Trps1,Chfr,,,,,,,,,,Sh2d1a,Sohlh2,,,,,,,Cops2,,,,,,,,Gfpt1,,Kdm2b,,Pdgfrb,
,Zfp143,,Eed,Cobll1,,,,,,,,,,Lrrc1,Tek,,,,,,,Senp1,,,,,,,,Gfpt2,,Kif11,,Pdk1,
,Ptbp1,,2810403A07Rik,Dhrs1,,,,,,,,,,Mboat4,Slitrk4,,,,,,,Stmn1,,,,,,,,Ggact,,Kif14,,Pdzd4,
,Map4k5,,Whsc1,Diap3,,,,,,,,,,Jam3,Fshr,,,,,,,Fam162a,,,,,,,,Ggnbp1,,Kif15,,Peak1,
,Slc16a1,,Zhx1,Slc35d3,,,,,,,,,,Syde1,Cst13,,,,,,,Dut,,,,,,,,Ghdc,,Kif18a,,Pecam1,
,Prkag1,,Suclg1,Cacna2d4,,,,,,,,,,Ccnjl,EG667350,,,,,,,Ube2c,,,,,,,,Ghr,,Kif18b,,Peli2,
,Slc29a1,,1190005F20Rik,Rbm6,,,,,,,,,,Nr1d2,Mycn,,,,,,,Ctla2a,,,,,,,,Gigyf1,,Kif1b,,Pgap3,
,Sgpp1,,Tut1,Tgoln2,,,,,,,,,,1700109H08Rik,Myo5b,,,,,,,Tex261,,,,,,,,Gimap1,,Kif20b,,Pgm2l1,
,Acin1,,Mett10d,Rcbtb1,,,,,,,,,,Stc2,EG624367,,,,,,,2810417H13Rik,,,,,,,,Gimap5,,Kif22,,Pgr,
,Ahctf1,,Tpr,Tlk2,,,,,,,,,,Appl2,Car1,,,,,,,Hnrnpc,,,,,,,,Gimap6,,Kif2c,,Phf11b,
,Prpf38a,,Atrnl1,Sp100,,,,,,,,,,Slc6a18,Med16,,,,,,,Cuta,,,,,,,,Gimap8,,Kif5b,,Phf14,
,Ythdc1,,Chaf1b,Sp3,,,,,,,,,,Klhdc9,Skap1,,,,,,,Tbrg4,,,,,,,,Gkap1,,Klhl12,,Phgdh,
,Hdgfrp2,,Heatr3,Ctsb,,,,,,,,,,Nim1k,Ttbk1,,,,,,,Cdca8,,,,,,,,Gkn3,,Klhl22,,Pigx,
,Pacsin2,,Atp6ap1,,,,,,,,,,,Hmga2,Hgfac,,,,,,,Bub1b,,,,,,,,Glipr1l1,,Knl1,,Pip4k2a,
,Clint1,,Smu1,,,,,,,,,,,Zfp133-ps,6430531B16Rik,,,,,,,Mif,,,,,,,,Glis2,,Knstrn,,Pitpna,
,Eif3c,,Emp3,,,,,,,,,,,Slc6a8,Prl2c5,,,,,,,Atp5g3,,,,,,,,Glt8d1,,Kntc1,,Pkib,
,Zfp646,,Pank1,,,,,,,,,,,Wdr19,Ficd,,,,,,,Crip1,,,,,,,,Gm4070,,Kpna1,,Plcg2,
,Fech,,Rab22a,,,,,,,,,,,Ptpn21,ENSMUSG00000063025,,,,,,,Srsf10,,,,,,,,Gm45837,,Kpna2,,Plekha6,
,Tal1,,H2afy,,,,,,,,,,,Itm2a,EG229879  // EG229879,,,,,,,,,,,,,,,Gm4951,,Larp7,,Plxnd1,
,Taf1,,Numb,,,,,,,,,,,Abcb1b,Cxx1b,,,,,,,,,,,,,,,Gm973,,Lbr,,Pou2f2,
,Dtymk,,Nt5c,,,,,,,,,,,Usp17la,Ush1c,,,,,,,,,,,,,,,Gnai1,,Ldha,,Ppargc1a,
,Tm7sf3,,Mrpl33,,,,,,,,,,,P2rx1,6330407J23Rik,,,,,,,,,,,,,,,Gnal,,Lgals9,,Ppp1r18,
,Ggnbp2,,Men1,,,,,,,,,,,Zfp383,ENSMUSG00000074413,,,,,,,,,,,,,,,Gnb5,,Lhfpl2,,Ppp3ca,
,Ddx6,,Hspa5,,,,,,,,,,,Pld6,EG383815,,,,,,,,,,,,,,,Gng11,,Lifr,,Prepl,
,Cxxc1,,Grlf1,,,,,,,,,,,Drc7,Glb1l,,,,,,,,,,,,,,,Gns,,Lig1,,Prkd3,
,Tnfaip2,,Tec,,,,,,,,,,,Rsl1,Adk,,,,,,,,,,,,,,,Gpr157,,Lim2,,Prpf40a,
,Atpif1,,Helb,,,,,,,,,,,Bcl9l,AY702102,,,,,,,,,,,,,,,Gprasp1,,Lims1,,Prps2,
,Bckdhb,,Ring1,,,,,,,,,,,Nfatc2,Itga1,,,,,,,,,,,,,,,Gprasp2,,Lmf2,,Prss57,
,Mars,,Gpi1,,,,,,,,,,,Bex1,Mum1,,,,,,,,,,,,,,,Grasp,,Lmnb1,,Psma4,
,Mapk1,,Brd1,,,,,,,,,,,Ranbp17,Uqcr,,,,,,,,,,,,,,,Grb10,,Lmnb2,,Pstpip1,
,Txnl4b,,Acox3,,,,,,,,,,,Sdr42e1,Agrn,,,,,,,,,,,,,,,Grhpr,,Lrrc40,,Ptger2,
,Hspa9,,Rcc1,,,,,,,,,,,Prkcdbp,Rcor3,,,,,,,,,,,,,,,Grik5,,Lrrc41,,Ptp4a3,
,Plxnc1,,Prep,,,,,,,,,,,Copz2,C030003D03Rik,,,,,,,,,,,,,,,Grina,,Lrrc59,,Rab36,
,Bag3,,Psmc5,,,,,,,,,,,Abi3,Lgals12,,,,,,,,,,,,,,,Gspt2,,Lsm4,,Rab3gap1,
,Leprot,,Slc28a2,,,,,,,,,,,P2ry2,OTTMUSG00000008364,,,,,,,,,,,,,,,Gstm2,,Ltv1,,Rab7b,
,Sart3,,Stim1,,,,,,,,,,,Mdfic,Mall,,,,,,,,,,,,,,,Gstt1,,Lyar,,Rac2,
,Suv420h2,,Pknox1,,,,,,,,,,,Ccser1,08-Sep,,,,,,,,,,,,,,,Gucy1a1,,Lyn,,Rala,
,Rcl1,,Trem1,,,,,,,,,,,Tlr4,Gp2,,,,,,,,,,,,,,,Gulo,,Macrod1,,Ralbp1,
,Gfm1,,Eaf1,,,,,,,,,,,RP23-451E8.3,Dmrt1,,,,,,,,,,,,,,,Gvin1,,Mad1l1,,Ramp1,
,Papola,,Nkg7,,,,,,,,,,,Nkx2-3,C330027C09Rik,,,,,,,,,,,,,,,H2-Aa,,Mad2l2,,Rasa4,
,Ncoa6,,Txlna,,,,,,,,,,,Diras2,Stil,,,,,,,,,,,,,,,H2-K1,,Map11,,Rasal3,
,Nfe2l1,,Anxa3,,,,,,,,,,,Esr1,A430060F13Rik,,,,,,,,,,,,,,,H2-Q4,,Mapre1,,Rassf2,
,Rab10,,Fbxo22,,,,,,,,,,,Rhoq,Ano2,,,,,,,,,,,,,,,H2-Q7,,Mar-06,,Rassf5,
,Wdr77,,Zc3h14,,,,,,,,,,,Nsg2,Hk1,,,,,,,,,,,,,,,H2-T22,,Mastl,,Rbbp8,
,Usp39,,Cdc14a,,,,,,,,,,,Pglyrp2,9430008C03Rik,,,,,,,,,,,,,,,Habp4,,Mat2a,,Rbm47,
,Ints2,,E2f3,,,,,,,,,,,Mras,Slc11a1,,,,,,,,,,,,,,,Hacd4,,Mcm10,,Rcsd1,
,Tmem41a,,Wdr67,,,,,,,,,,,Lysmd2,Syt10,,,,,,,,,,,,,,,Hbegf,,Mcm3,,Rel,
,Whsc1l1,,Igsf8,,,,,,,,,,,Obsl1,Insm2,,,,,,,,,,,,,,,Hdac11,,Mcm4,,Repin1,
,Glg1,,Ebp,,,,,,,,,,,Atp9a,2810008M24Rik,,,,,,,,,,,,,,,Hdac9,,Mcm5,,Rftn2,
,Slc43a1,,F13a1,,,,,,,,,,,Map4k3,OTTMUSG00000002191,,,,,,,,,,,,,,,Hdgfl3,,Mcm6,,Rgl1,
,Elf2,,Lamp2,,,,,,,,,,,Zfp619,Pex14,,,,,,,,,,,,,,,Hectd3,,Mcm8,,Rgs19,
,Casp3,,Aph1a,,,,,,,,,,,Cadps2,Spock1,,,,,,,,,,,,,,,Helz,,Mdc1,,Rgs2,
,Rrn3,,Ppm1f,,,,,,,,,,,Ccdc112,4921509C19Rik,,,,,,,,,,,,,,,Hgsnat,,Me2,,Rhbdl3,
,Fahd2a,,Hexb,,,,,,,,,,,Zbtb10,Slc22a3,,,,,,,,,,,,,,,Hid1,,Melk,,Rhoq,
,Slc7a1,,Cenpj,,,,,,,,,,,Cd4,EG666422,,,,,,,,,,,,,,,Hif3a,,Mesd,,Rnf114,
,1110004E09Rik,,P4hb,,,,,,,,,,,Serpinb9,Cpne4,,,,,,,,,,,,,,,Hilpda,,Mfsd2b,,Rnf144a,
,Ube2c,,Rcsd1,,,,,,,,,,,0610009L18Rik,5330417C22Rik,,,,,,,,,,,,,,,Hipk3,,Micos10,,Rnf150,
,Ppp2r1b,,Fndc3a,,,,,,,,,,,Slain1,LOC100044428,,,,,,,,,,,,,,,Hmg20a,,Micos13,,Rock1,
,Cldnd1,,Gnpda1,,,,,,,,,,,Thy1,LOC674596,,,,,,,,,,,,,,,Hmgcl,,Mis18a,,Rpl18a,
,Wac,,B230120H23Rik,,,,,,,,,,,Otos,Foxm1,,,,,,,,,,,,,,,Hmgn3,,Mis18bp1,,Rpl24,
,Tbrg4,,Ms4a3,,,,,,,,,,,Ddx4,Rrm1,,,,,,,,,,,,,,,Hnmt,,Mki67,,Rpl3,
,Trip12,,Rab3d,,,,,,,,,,,Nap1l3,Hoxc10,,,,,,,,,,,,,,,Hoxa10,,Mkrn2,,Rpp30,
,BC052040,,Kif2c,,,,,,,,,,,Phf11d,Btbd16,,,,,,,,,,,,,,,Hoxa5,,Mms22l,,Rps2,
,Ccdc137,,Pex1,,,,,,,,,,,Tcf7,Ndufv1,,,,,,,,,,,,,,,Hoxb2,,Mnd1,,Rtp4,
,Nxf1,,Parvg,,,,,,,,,,,Arhgap28,Chek2,,,,,,,,,,,,,,,Hoxb3,,Mns1,,Runx2,
,Ipo9,,Ube2g2,,,,,,,,,,,Islr,Alx4,,,,,,,,,,,,,,,Hoxb4,,Mogs,,Saal1,
,Sf3b3,,Tmsb4x,,,,,,,,,,,8430408G22Rik,Mrpl14,,,,,,,,,,,,,,,Hoxb5,,Mphosph9,,Samsn1,
,Hk1,,Arhgap1,,,,,,,,,,,1500009L16Rik,4930483J18Rik,,,,,,,,,,,,,,,Hoxb6,,Mre11a,,Satb1,
,Zfp397,,Nek9,,,,,,,,,,,,1810035L17Rik,,,,,,,,,,,,,,,Hoxb7,,Mrpl14,,Scpep1,
,Aars,,Nudt4,,,,,,,,,,,,Dpysl4,,,,,,,,,,,,,,,Hoxb8,,Mrpl18,,Sdhb,
,,,Ap2b1,,,,,,,,,,,,A930038C07Rik,,,,,,,,,,,,,,,Hoxc6,,Mrps17,,Selenoh,
,,,Sell,,,,,,,,,,,,1700008O03Rik,,,,,,,,,,,,,,,Hoxc8,,Mrps23,,Selplg,
,,,Ncoa7,,,,,,,,,,,,S1pr5,,,,,,,,,,,,,,,Hs3st1,,Mrps25,,Sema3d,
,,,Nr2c1,,,,,,,,,,,,Slc29a4,,,,,,,,,,,,,,,Hsd17b10,,Msrb1,,Sep-01,
,,,Cyba,,,,,,,,,,,,Col10a1,,,,,,,,,,,,,,,Htatsf1,,Mta3,,Sep-06,
,,,Asb8,,,,,,,,,,,,Cdk3,,,,,,,,,,,,,,,Ick,,Mtch2,,Sesn1,
,,,Itgb5,,,,,,,,,,,,EG546797,,,,,,,,,,,,,,,Ier2,,Mtfr2,,Sf3b2,
,,,Gng12,,,,,,,,,,,,Banp,,,,,,,,,,,,,,,Ier3,,Mthfd1,,Sgk3,
,,,Tnfrsf1a,,,,,,,,,,,,Dph1,,,,,,,,,,,,,,,Ier5,,Mthfd1l,,Sgpl1,
,,,Lsm4,,,,,,,,,,,,Olfr711,,,,,,,,,,,,,,,Ifi44,,Mtpn,,Sh2d1b1,
,,,Ifnar2,,,,,,,,,,,,BC048671,,,,,,,,,,,,,,,Ifih1,,Muc13,,Sh3bgrl3,
,,,Ppp1r8,,,,,,,,,,,,Pitx1,,,,,,,,,,,,,,,Ifit1,,Mybl2,,Siglecg,
,,,Cdc42se2,,,,,,,,,,,,ENSMUSG00000074383,,,,,,,,,,,,,,,Ifitm1,,Naa50,,Skp2,
,,,Tnfaip1,,,,,,,,,,,,H6pd,,,,,,,,,,,,,,,Ifitm3,,Naf1,,Slc16a11,
,,,Tubb6,,,,,,,,,,,,Acsl6,,,,,,,,,,,,,,,Ifitm7,,Nap1l1,,Slc18a1,
,,,Il6st,,,,,,,,,,,,Nhedc1,,,,,,,,,,,,,,,Ifrd1,,Narf,,Slc26a11,
,,,Man2b1,,,,,,,,,,,,Cd9,,,,,,,,,,,,,,,Ift20,,Nasp,,Slc29a1,
,,,Tfpi,,,,,,,,,,,,Scarf2,,,,,,,,,,,,,,,Igdcc4,,Nat10,,Slc29a3,
,,,Eif2c1,,,,,,,,,,,,Commd4,,,,,,,,,,,,,,,Igf1,,Ncapd2,,Slc35d3,
,,,Smn1,,,,,,,,,,,,Taar7e,,,,,,,,,,,,,,,Igf1r,,Ncapg,,Slc39a11,
,,,Tbl2,,,,,,,,,,,,Doc2g,,,,,,,,,,,,,,,Igf2,,Ncapg2,,Slc39a6,
,,,Vps13c,,,,,,,,,,,,Pmf1,,,,,,,,,,,,,,,Igf2bp2,,Ncaph2,,Slc39a8,
,,,Psen1,,,,,,,,,,,,Lypla1,,,,,,,,,,,,,,,Igsf3,,Ncbp1,,Slc43a2,
,,,Cep68,,,,,,,,,,,,Oscar,,,,,,,,,,,,,,,Igtp,,Ncl,,Slc44a2,
,,,Tmem110,,,,,,,,,,,,Tasp1,,,,,,,,,,,,,,,Iigp1,,Ndor1,,Slc4a7,
,,,Pygl,,,,,,,,,,,,Cblc,,,,,,,,,,,,,,,Ikbke,,Ndufa3,,Slc9a9,
,,,Anxa2,,,,,,,,,,,,A830039N20Rik,,,,,,,,,,,,,,,Ikzf4,,Ndufaf2,,Smad7,
,,,Pak1,,,,,,,,,,,,Gpr77,,,,,,,,,,,,,,,Il11ra1,,Ndufaf4,,Smarca4,
,,,Snrpg,,,,,,,,,,,,Olfr812,,,,,,,,,,,,,,,Il15ra,,Ndufaf6,,Smim14,
,,,B4galt5,,,,,,,,,,,,BC100530,,,,,,,,,,,,,,,Il21r,,Ndufb10,,Snn,
,,,Ogt,,,,,,,,,,,,Flywch1,,,,,,,,,,,,,,,Il4ra,,Ndufb5,,Snx30,
,,,Pdzd8,,,,,,,,,,,,Nppa,,,,,,,,,,,,,,,Impact,,Ndufb6,,Sorl1,
,,,Klhl18,,,,,,,,,,,,EG213320,,,,,,,,,,,,,,,Inf2,,Ndufb8,,Sox12,
,,,Fli1,,,,,,,,,,,,9530048O09Rik,,,,,,,,,,,,,,,Inha,,Ndufc1,,Sox4,
,,,Cyld,,,,,,,,,,,,Aqp12,,,,,,,,,,,,,,,Inhba,,Ndufv2,,Spag5,
,,,Eif4ebp2,,,,,,,,,,,,Reep4,,,,,,,,,,,,,,,Insr,,Neil3,,Spdl1,
,,,Erlin2,,,,,,,,,,,,Rab17,,,,,,,,,,,,,,,Insrr,,Nelfcd,,Spi1,
,,,Golt1b,,,,,,,,,,,,Acot10  // Acot10,,,,,,,,,,,,,,,Ip6k1,,Nelfe,,Spint1,
,,,Tmed3,,,,,,,,,,,,Zic2,,,,,,,,,,,,,,,Irf1,,Nhp2,,Sqor,
,,,Mknk1,,,,,,,,,,,,LOC240657,,,,,,,,,,,,,,,Irf2,,Nlk,,Srp68,
,,,Abr,,,,,,,,,,,,Tnk2,,,,,,,,,,,,,,,Irf6,,Noc4l,,Srpk1,
,,,Rrs1,,,,,,,,,,,,Tas2r139,,,,,,,,,,,,,,,Irf9,,Nol4l,,Srpk2,
,,,Zcchc8,,,,,,,,,,,,Clec2d,,,,,,,,,,,,,,,Irgm2,,Nolc1,,Ssh2,
,,,Nfam1,,,,,,,,,,,,Krt83,,,,,,,,,,,,,,,Islr,,Nomo1,,St8sia1,
,,,Mgea5,,,,,,,,,,,,Tsks,,,,,,,,,,,,,,,Itga5,,Nop56,,St8sia4,
,,,Ndufs1,,,,,,,,,,,,Aaas,,,,,,,,,,,,,,,Itih5,,Nsf,,Stk10,
,,,Btk,,,,,,,,,,,,ENSMUSG00000056615,,,,,,,,,,,,,,,Itsn1,,Nsl1,,Stk17b,
,,,Opa1,,,,,,,,,,,,Lrrc57,,,,,,,,,,,,,,,Jag1,,Nsun2,,Stxbp4,
,,,Fkbp1a,,,,,,,,,,,,Cdk4,,,,,,,,,,,,,,,Jam2,,Nt5dc2,,Sun2,
,,,Slc41a1,,,,,,,,,,,,1190003M12Rik,,,,,,,,,,,,,,,Jam3,,Nucb1,,Sv2a,
,,,Trim21,,,,,,,,,,,,Has1,,,,,,,,,,,,,,,Jazf1,,Nucks1,,Tapt1,
,,,Rab27a,,,,,,,,,,,,EG216081,,,,,,,,,,,,,,,Jrkl,,Nudt3,,Tbc1d10c,
,,,Mrps2,,,,,,,,,,,,BC014805,,,,,,,,,,,,,,,Kalrn,,Nudt7,,Tbxa2r,
,,,Ankrd40,,,,,,,,,,,,Fbxo10,,,,,,,,,,,,,,,Kank1,,Nuf2,,Tcf19,
,,,Rnpep,,,,,,,,,,,,Krt13,,,,,,,,,,,,,,,Kat6b,,Nup205,,Tcf4,
,,,Sdhd,,,,,,,,,,,,Sdsl,,,,,,,,,,,,,,,Kazald1,,Nup43,,Tcf7l2,
,,,Tor1a,,,,,,,,,,,,Ribc2,,,,,,,,,,,,,,,Kcnk5,,Nup50,,Tedc1,
,,,Shmt1,,,,,,,,,,,,Hmgcs2,,,,,,,,,,,,,,,Kctd17,,Nup85,,Tep1,
,,,Lhfpl2,,,,,,,,,,,,Rnf216,,,,,,,,,,,,,,,Khdc4,,Nup93,,Tes,
,,,Hk2,,,,,,,,,,,,Slc9a1,,,,,,,,,,,,,,,Khk,,Nusap1,,Tespa1,
,,,Tbc1d10b,,,,,,,,,,,,Tmbim6,,,,,,,,,,,,,,,Kif1c,,Nxf1,,Tgif1,
,,,Irak1,,,,,,,,,,,,Prr15,,,,,,,,,,,,,,,Kif21a,,Nxn,,Thsd1,
,,,Ints3,,,,,,,,,,,,Tyms,,,,,,,,,,,,,,,Kif3a,,Nxt1,,Tia1,
,,,Glud1,,,,,,,,,,,,Igsf5,,,,,,,,,,,,,,,Kif9,,Odf2,,Ticrr,
,,,Tspan14,,,,,,,,,,,,Ncam2,,,,,,,,,,,,,,,Klf6,,Optn,,Tle3,
,,,Suox,,,,,,,,,,,,Olfr284,,,,,,,,,,,,,,,Klf9,,Osbpl8,,Tlr7,
,,,St14,,,,,,,,,,,,Ndufa11,,,,,,,,,,,,,,,Klhdc8b,,Oxct1,,Tmem107,
,,,Mib1,,,,,,,,,,,,Poln,,,,,,,,,,,,,,,Klhl13,,P2ry1,,Tmem109,
,,,Ctsc,,,,,,,,,,,,Cyp2u1,,,,,,,,,,,,,,,Klrb1c,,Paics,,Tmem173,
,,,Epc2,,,,,,,,,,,,Tenc1,,,,,,,,,,,,,,,Kmt2a,,Pam16,,Tmem184c,
,,,Nme3,,,,,,,,,,,,Krtap31-2,,,,,,,,,,,,,,,Kmt5b,,Parpbp,,Tmem229b,
,,,Ddx18,,,,,,,,,,,,Nlrp4b,,,,,,,,,,,,,,,Krba1,,Pask,,Tmem268,
,,,Ptprc,,,,,,,,,,,,Bhmt2,,,,,,,,,,,,,,,Krt18,,Pbdc1,,Tmem43,
,,,Eif4enif1,,,,,,,,,,,,4930431F12Rik,,,,,,,,,,,,,,,Ktn1,,Pbk,,Tmprss3,
,,,Dbt,,,,,,,,,,,,EG406223,,,,,,,,,,,,,,,Kyat1,,Pcbd2,,Tmsb10,
,,,Atf4,,,,,,,,,,,,C9,,,,,,,,,,,,,,,Lamtor3,,Pcbp3,,Tnfaip1,
,,,Rab5b,,,,,,,,,,,,Adcy9,,,,,,,,,,,,,,,Lancl3,,Pcmt1,,Tnfaip8,
,,,Phf21a,,,,,,,,,,,,EG623114,,,,,,,,,,,,,,,Large2,,Pcnt,,Tnfrsf26,
,,,Ccdc127,,,,,,,,,,,,Ascl1,,,,,,,,,,,,,,,Larp1b,,Pdap1,,Tnrc18,
,,,Rspry1,,,,,,,,,,,,Atp5g2,,,,,,,,,,,,,,,Lcp2,,Pdcd4,,Tpm4,
,,,Ndst1,,,,,,,,,,,,Sgtb,,,,,,,,,,,,,,,Ldb2,,Pde10a,,Tpr,
,,,Cpsf4,,,,,,,,,,,,Kif15,,,,,,,,,,,,,,,Leprot,,Pde5a,,Trappc13,
,,,Parp14,,,,,,,,,,,,Nxph2,,,,,,,,,,,,,,,Letm2,,Pdzph1,,Trf,
,,,Cdc42ep4,,,,,,,,,,,,EG436003,,,,,,,,,,,,,,,Lgr4,,Pf4,,Trim16,
,,,Coro2a,,,,,,,,,,,,Ppil4,,,,,,,,,,,,,,,Lhcgr,,Pfas,,Trim26,
,,,BC005764,,,,,,,,,,,,Bmp2k,,,,,,,,,,,,,,,Lima1,,Phb2,,Trit1,
,,,Brpf1,,,,,,,,,,,,Adam34,,,,,,,,,,,,,,,Lmbrd1,,Pheta2,,Trp53i11,
,,,Mrps25,,,,,,,,,,,,Gstk1,,,,,,,,,,,,,,,Lmo2,,Phka2,,Tspan13,
,,,Ndufa8,,,,,,,,,,,,V1rb3,,,,,,,,,,,,,,,Lpar4,,Pif1,,Tspan2,
,,,Lmo4,,,,,,,,,,,,Prg3,,,,,,,,,,,,,,,Lpar6,,Pih1d1,,Tspan6,
,,,Mical1,,,,,,,,,,,,BC046404,,,,,,,,,,,,,,,Lpp,,Pimreg,,Ttc13,
,,,Ugdh,,,,,,,,,,,,Acsm3,,,,,,,,,,,,,,,Lrrc8a,,Pitpnc1,,Txnrd1,
,,,Ints9,,,,,,,,,,,,Lsm2,,,,,,,,,,,,,,,Lrrn4,,Plek,,Ubash3a,
,,,Emb,,,,,,,,,,,,Aldh2,,,,,,,,,,,,,,,Lsr,,Plk1,,Ubl3,
,,,Cited2,,,,,,,,,,,,Fam131a,,,,,,,,,,,,,,,Lst1,,Plk4,,Uchl1,
,,,Mtap4,,,,,,,,,,,,Ywhah,,,,,,,,,,,,,,,Ltb,,Plxdc1,,Unc93b1,
,,,Nxn,,,,,,,,,,,,Kcnj10,,,,,,,,,,,,,,,Ltbr,,Pmf1,,Usp11,
,,,Enoph1,,,,,,,,,,,,LOC636082,,,,,,,,,,,,,,,Luzp2,,Pms2,,Usp22,
,,,Uqcc,,,,,,,,,,,,Gtrgeo22,,,,,,,,,,,,,,,Ly6a,,Pola1,,Ust,
,,,Mpp1,,,,,,,,,,,,Mif,,,,,,,,,,,,,,,Madd,,Pola2,,Utp14a,
,,,Tmem38b,,,,,,,,,,,,Fam71a,,,,,,,,,,,,,,,Maff,,Pold1,,Vamp1,
,,,Rad54l,,,,,,,,,,,,EG668059,,,,,,,,,,,,,,,Mafg,,Pold2,,Vav3,
,,,Stt3a,,,,,,,,,,,,BC051019,,,,,,,,,,,,,,,Maged1,,Poldip3,,Vldlr,
,,,Lyst,,,,,,,,,,,,Fgfr2,,,,,,,,,,,,,,,Maged2,,Pole,,Wbp1,
,,,Myo5a,,,,,,,,,,,,Fbxo40,,,,,,,,,,,,,,,Mageh1,,Pole2,,Wdfy4,
,,,Dclre1b,,,,,,,,,,,,Npy,,,,,,,,,,,,,,,Magi1,,Polq,,Wfdc18,
,,,Rnf166,,,,,,,,,,,,Rab40b,,,,,,,,,,,,,,,Malat1,,Polr2j,,Xkr5,
,,,Flii,,,,,,,,,,,,Ccdc64b,,,,,,,,,,,,,,,Mamdc2,,Polr3d,,Xpc,
,,,6720463M24Rik,,,,,,,,,,,,B230307C23Rik,,,,,,,,,,,,,,,Map1lc3a,,Pop1,,Xpo1,
,,,Pola2,,,,,,,,,,,,Nat6,,,,,,,,,,,,,,,Map1lc3b,,Ppfia1,,Xrcc6,
,,,Fkrp,,,,,,,,,,,,Ankrd43,,,,,,,,,,,,,,,Map3k8,,Ppih,,Ypel1,
,,,Sort1,,,,,,,,,,,,2810410L24Rik,,,,,,,,,,,,,,,Map9,,Ppm1b,,Zdhhc20,
,,,Smad4,,,,,,,,,,,,Il17d,,,,,,,,,,,,,,,Mapk12,,Ppm1g,,Zdhhc3,
,,,Wsb1,,,,,,,,,,,,Nhs,,,,,,,,,,,,,,,Mapk13,,Pradc1,,Zfp131,
,,,0610007L01Rik,,,,,,,,,,,,4930518I15Rik,,,,,,,,,,,,,,,Mapk1ip1,,Prc1,,Zfp422,
,,,Taf6,,,,,,,,,,,,Ankrd35,,,,,,,,,,,,,,,Mapkapk3,,Prelid3b,,Zfp608,
,,,P4ha1,,,,,,,,,,,,Gbx1,,,,,,,,,,,,,,,Marveld1,,Prim1,,Zfp706,
,,,Wdr41,,,,,,,,,,,,EG382450,,,,,,,,,,,,,,,Mast4,,Prim2,,Zmiz1,
,,,Dtx4,,,,,,,,,,,,Alg8,,,,,,,,,,,,,,,Mboat2,,Prkab1,,Znrf1,
,,,2610318N02Rik,,,,,,,,,,,,EG625347,,,,,,,,,,,,,,,Mctp1,,Prkar2b,,,
,,,Cnn3,,,,,,,,,,,,Leprotl1,,,,,,,,,,,,,,,Mcur1,,Prkca,,,
,,,Ptger4,,,,,,,,,,,,Olfr670,,,,,,,,,,,,,,,Mecom,,Prps1,,,
,,,Zfp512,,,,,,,,,,,,EG621842,,,,,,,,,,,,,,,Med12l,,Prr11,,,
,,,Gspt2,,,,,,,,,,,,EG236622,,,,,,,,,,,,,,,Meg3,,Psat1,,,
,,,Slc10a7,,,,,,,,,,,,EG665936,,,,,,,,,,,,,,,Meis1,,Psd3,,,
,,,Xpo7,,,,,,,,,,,,Eml1,,,,,,,,,,,,,,,Meis2,,Psip1,,,
,,,Mtus1,,,,,,,,,,,,Dtymk,,,,,,,,,,,,,,,Mettl18,,Psma7,,,
,,,Pcgf5,,,,,,,,,,,,Relb,,,,,,,,,,,,,,,Mettl27,,Psmb3,,,
,,,Abhd13,,,,,,,,,,,,Mia2,,,,,,,,,,,,,,,Mettl7a1,,Psmb5,,,
,,,Nhlrc2,,,,,,,,,,,,1110006G06Rik,,,,,,,,,,,,,,,Mfap2,,Psmc3,,,
,,,Cd34,,,,,,,,,,,,Olfr835,,,,,,,,,,,,,,,Mfhas1,,Psmc3ip,,,
,,,Rnaset2a,,,,,,,,,,,,Larp6,,,,,,,,,,,,,,,Mfng,,Psmc5,,,
,,,Abcd1,,,,,,,,,,,,Gpr143,,,,,,,,,,,,,,,Mfsd6,,Psmd1,,,
,,,Slc7a6os,,,,,,,,,,,,Agxt2l1,,,,,,,,,,,,,,,Mgrn1,,Psmd14,,,
,,,Atxn2l,,,,,,,,,,,,Asb12,,,,,,,,,,,,,,,Mier2,,Psmd8,,,
,,,Pdia4,,,,,,,,,,,,Dmrt2,,,,,,,,,,,,,,,Mllt3,,Psme3,,,
,,,Snrpc,,,,,,,,,,,,Lgtn,,,,,,,,,,,,,,,Mllt6,,Psmg3,,,
,,,Pgam1,,,,,,,,,,,,Mylk4,,,,,,,,,,,,,,,Mlph,,Psrc1,,,
,,,Adssl1,,,,,,,,,,,,Olfr1113,,,,,,,,,,,,,,,Mmp16,,Ptbp3,,,
,,,Wdr48,,,,,,,,,,,,Mospd4,,,,,,,,,,,,,,,Morc4,,Ptpn11,,,
,,,Uso1,,,,,,,,,,,,LOC100039801,,,,,,,,,,,,,,,Mpdz,,Ptpn12,,,
,,,Galnt6,,,,,,,,,,,,Prl6a1,,,,,,,,,,,,,,,Mpg,,Ptpn7,,,
,,,Mapkapk3,,,,,,,,,,,,EG665751,,,,,,,,,,,,,,,Mpl,,Ptrh2,,,
,,,Lgals1,,,,,,,,,,,,Bub3,,,,,,,,,,,,,,,Mpp5,,Pxmp2,,,
,,,Mgl2,,,,,,,,,,,,Chchd5  // Chchd5,,,,,,,,,,,,,,,Mpp6,,Rab11a,,,
,,,Osbp,,,,,,,,,,,,Itga2b,,,,,,,,,,,,,,,Mpped2,,Rab27b,,,
,,,Dis3l2,,,,,,,,,,,,Olfr1155,,,,,,,,,,,,,,,Mpv17,,Rab37,,,
,,,Tbc1d7,,,,,,,,,,,,Krt17,,,,,,,,,,,,,,,Mpzl1,,Rabgap1l,,,
,,,Epb4.1l2,,,,,,,,,,,,Ndufb3,,,,,,,,,,,,,,,Mrpl52,,Racgap1,,,
,,,Swap70,,,,,,,,,,,,Pla2g12b,,,,,,,,,,,,,,,Ms4a6b,,Rad18,,,
,,,Araf,,,,,,,,,,,,EG665957,,,,,,,,,,,,,,,Msrb2,,Rad21,,,
,,,Pdcd6ip,,,,,,,,,,,,Romo1,,,,,,,,,,,,,,,Mtfr1l,,Rad50,,,
,,,Nsf,,,,,,,,,,,,Tsp50,,,,,,,,,,,,,,,Mthfr,,Rad51,,,
,,,Dio2,,,,,,,,,,,,Gfra4,,,,,,,,,,,,,,,Mtmr3,,Rad51ap1,,,
,,,Mgat4b,,,,,,,,,,,,Gale,,,,,,,,,,,,,,,Mtss2,,Rad54b,,,
,,,Siglec5,,,,,,,,,,,,LOC629364,,,,,,,,,,,,,,,Mttp,,Radx,,,
,,,Spna2,,,,,,,,,,,,Sfxn2,,,,,,,,,,,,,,,Mtx3,,Ralgps2,,,
,,,Rpl36al,,,,,,,,,,,,Cenpf,,,,,,,,,,,,,,,Mvp,,Ran,,,
,,,Gatad2b,,,,,,,,,,,,Iqcd,,,,,,,,,,,,,,,Mycn,,Rangap1,,,
,,,Prkcd,,,,,,,,,,,,EG236749,,,,,,,,,,,,,,,Myct1,,Rbm14,,,
,,,Hip1,,,,,,,,,,,,Gpr39,,,,,,,,,,,,,,,Myh10,,Rbm8a,,,
,,,Tceb3,,,,,,,,,,,,Cyp4x1,,,,,,,,,,,,,,,Myl10,,Rbmx2,,,
,,,Rnf125,,,,,,,,,,,,U2af1,,,,,,,,,,,,,,,Myl6,,Reep2,,,
,,,Naglu,,,,,,,,,,,,K230010J24Rik,,,,,,,,,,,,,,,Mylk,,Rfc1,,,
,,,Slc25a46,,,,,,,,,,,,OTTMUSG00000003802,,,,,,,,,,,,,,,Myo1d,,Rfc3,,,
,,,Reep5,,,,,,,,,,,,Bat1a,,,,,,,,,,,,,,,Myo5c,,Rgs10,,,
,,,Zmynd11,,,,,,,,,,,,Fthl17,,,,,,,,,,,,,,,Myo6,,Rgs12,,,
,,,AA960436,,,,,,,,,,,,Uroc1,,,,,,,,,,,,,,,Myof,,Rgs18,,,
,,,Gtf2a1,,,,,,,,,,,,Vcl,,,,,,,,,,,,,,,Myom1,,Rhno1,,,
,,,Il1rl2,,,,,,,,,,,,Hoxa11,,,,,,,,,,,,,,,Nabp1,,Rif1,,,
,,,Commd5,,,,,,,,,,,,Ncapd2,,,,,,,,,,,,,,,Nadk2,,Ripor1,,,
,,,Map3k4,,,,,,,,,,,,Dmd,,,,,,,,,,,,,,,Naip5,,Rnaseh2a,,,
,,,Ptpra,,,,,,,,,,,,Etnk2,,,,,,,,,,,,,,,Naip6,,Rnf168,,,
,,,Gins2,,,,,,,,,,,,Eif3k,,,,,,,,,,,,,,,Nav2,,Rnf19a,,,
,,,St13,,,,,,,,,,,,Sfmbt1,,,,,,,,,,,,,,,Nbea,,Rngtt,,,
,,,Mdn1,,,,,,,,,,,,EG433481,,,,,,,,,,,,,,,Nbeal2,,Robo3,,,
,,,Nub1,,,,,,,,,,,,Olfr790,,,,,,,,,,,,,,,Nbr1,,Romo1,,,
,,,Dyrk2,,,,,,,,,,,,Gm414,,,,,,,,,,,,,,,Ncam2,,Rpa2,,,
,,,Park7,,,,,,,,,,,,Galr1,,,,,,,,,,,,,,,Ncor2,,Rpia,,,
,,,S100a1,,,,,,,,,,,,Plac1,,,,,,,,,,,,,,,Ndel1,,Rpl29,,,
,,,Ubap2l,,,,,,,,,,,,Lancl2,,,,,,,,,,,,,,,Ndnf,,Rpn1,,,
,,,B4galt4,,,,,,,,,,,,Aox4,,,,,,,,,,,,,,,Ndrg2,,Rps24,,,
,,,Golga5,,,,,,,,,,,,Clec4f,,,,,,,,,,,,,,,Nectin4,,Rpsa,,,
,,,Gpld1,,,,,,,,,,,,Gdf6,,,,,,,,,,,,,,,Neil2,,Rrm1,,,
,,,Dsn1,,,,,,,,,,,,Sh3glb2,,,,,,,,,,,,,,,Neo1,,Rspry1,,,
,,,Gys1,,,,,,,,,,,,Ssr1,,,,,,,,,,,,,,,Net1,,Runx3,,,
,,,Psmd4,,,,,,,,,,,,Tmem28,,,,,,,,,,,,,,,Neurl3,,S100a1,,,
,,,Paqr8,,,,,,,,,,,,Asl,,,,,,,,,,,,,,,Nfat5,,S100a10,,,
,,,Lcmt1,,,,,,,,,,,,Cenpn,,,,,,,,,,,,,,,Nfatc2,,S1pr2,,,
,,,Dgcr8,,,,,,,,,,,,Nfkbie,,,,,,,,,,,,,,,Nfe2,,Sae1,,,
,,,Tmem43,,,,,,,,,,,,Hist1h2be,,,,,,,,,,,,,,,Nfe2l1,,Samd14,,,
,,,Ticam2,,,,,,,,,,,,Aacs,,,,,,,,,,,,,,,Nfia,,Sdsl,,,
,,,Rhob,,,,,,,,,,,,BC062109,,,,,,,,,,,,,,,Nfkbia,,Sec11c,,,
,,,Dis3,,,,,,,,,,,,1700024B05Rik,,,,,,,,,,,,,,,Nipsnap2,,Sec22c,,,
,,,Hmbox1,,,,,,,,,,,,ENSMUSG00000037438,,,,,,,,,,,,,,,Nkx2-3,,Secisbp2,,,
,,,Zfp161,,,,,,,,,,,,Dnaic2,,,,,,,,,,,,,,,Nlrc5,,Sema4d,,,
,,,9030617O03Rik,,,,,,,,,,,,Osr2,,,,,,,,,,,,,,,Nod1,,Sep-07,,,
,,,As3mt,,,,,,,,,,,,Bola3,,,,,,,,,,,,,,,Nos1ap,,Sep-08,,,
,,,Atp2a2,,,,,,,,,,,,Ankrd9,,,,,,,,,,,,,,,Notch3,,Serinc3,,,
,,,Cnot8,,,,,,,,,,,,Hmgb3,,,,,,,,,,,,,,,Nova1,,Serpinb10,,,
,,,Rrm2,,,,,,,,,,,,4930412F15Rik,,,,,,,,,,,,,,,Npas3,,Sf3b3,,,
,,,S100pbp,,,,,,,,,,,,Prox1,,,,,,,,,,,,,,,Npdc1,,Sf3b4,,,
,,,Rwdd2b,,,,,,,,,,,,Moxd1,,,,,,,,,,,,,,,Npr2,,Sf3b6,,,
,,,Mmd,,,,,,,,,,,,Pigl,,,,,,,,,,,,,,,Nr1d2,,Sfpq,,,
,,,Tle1,,,,,,,,,,,,Thap3,,,,,,,,,,,,,,,Nrk,,Sfxn1,,,
,,,Arpc1b,,,,,,,,,,,,Ccdc103,,,,,,,,,,,,,,,Nrxn1,,Sfxn2,,,
,,,Bace1,,,,,,,,,,,,Tssk3,,,,,,,,,,,,,,,Nsg1,,Sgo1,,,
,,,Ap4m1,,,,,,,,,,,,Helt,,,,,,,,,,,,,,,Nsmaf,,Sgo2a,,,
,,,Hsdl2,,,,,,,,,,,,Cap2,,,,,,,,,,,,,,,Nsmf,,Shmt2,,,
,,,Abcc4,,,,,,,,,,,,Olfr668,,,,,,,,,,,,,,,Nsun7,,Shq1,,,
,,,Cnksr3,,,,,,,,,,,,Ldlrad1,,,,,,,,,,,,,,,Nt5c3,,Ska1,,,
,,,Clns1a,,,,,,,,,,,,Zwilch,,,,,,,,,,,,,,,Nxnl2,,Ska3,,,
,,,Cdc23,,,,,,,,,,,,Zfp518b,,,,,,,,,,,,,,,Oas1b,,Sla,,,
,,,Rnf113a2,,,,,,,,,,,,Car4,,,,,,,,,,,,,,,Obscn,,Slc11a2,,,
,,,Nedd9,,,,,,,,,,,,Yipf1,,,,,,,,,,,,,,,Obsl1,,Slc14a1,,,
,,,Dhx33,,,,,,,,,,,,Hist1h1b,,,,,,,,,,,,,,,Ocln,,Slc20a1,,,
,,,Tbc1d2b,,,,,,,,,,,,EG231836,,,,,,,,,,,,,,,Ocrl,,Slc22a3,,,
,,,Med13,,,,,,,,,,,,Nr1i2,,,,,,,,,,,,,,,Ogt,,Slc37a4,,,
,,,Nin,,,,,,,,,,,,AB041806,,,,,,,,,,,,,,,Ophn1,,Slc41a3,,,
,,,Bid,,,,,,,,,,,,Heatr2,,,,,,,,,,,,,,,Orai1,,Slc43a3,,,
,,,5730528L13Rik,,,,,,,,,,,,Serf2,,,,,,,,,,,,,,,Ormdl3,,Slc45a3,,,
,,,Pitpna,,,,,,,,,,,,Atp8a1,,,,,,,,,,,,,,,Osbpl3,,Slc6a13,,,
,,,Ckap4,,,,,,,,,,,,Vkorc1l1,,,,,,,,,,,,,,,Osgin1,,Slf1,,,
,,,Ppm1g,,,,,,,,,,,,Hist1h2bh,,,,,,,,,,,,,,,Otub2,,Smap2,,,
,,,Cbx4,,,,,,,,,,,,Clec4a4,,,,,,,,,,,,,,,P2rx1,,Smarcc1,,,
,,,Zbtb34,,,,,,,,,,,,BC024814,,,,,,,,,,,,,,,P3h3,,Smc2,,,
,,,Ccnt2,,,,,,,,,,,,1700024G13Rik,,,,,,,,,,,,,,,Pabpc4l,,Smc3,,,
,,,Tyrobp,,,,,,,,,,,,Dkk4,,,,,,,,,,,,,,,Pafah2,,Smc4,,,
,,,Rps28,,,,,,,,,,,,Pdzk1ip1,,,,,,,,,,,,,,,Pam,,Smc6,,,
,,,Utp15,,,,,,,,,,,,Gpr61,,,,,,,,,,,,,,,Paqr7,,Smchd1,,,
,,,Sec24d,,,,,,,,,,,,Hist1h2bm,,,,,,,,,,,,,,,Pard3b,,Smim5,,,
,,,Abcd2,,,,,,,,,,,,Tspyl5,,,,,,,,,,,,,,,Parp12,,Smn1,,,
,,,C230081A13Rik,,,,,,,,,,,,EG665262,,,,,,,,,,,,,,,Parp14,,Snrnp200,,,
,,,Aff1,,,,,,,,,,,,Gja8,,,,,,,,,,,,,,,Parp3,,Snrpb,,,
,,,C1galt1c1,,,,,,,,,,,,Alg13,,,,,,,,,,,,,,,Pbx1,,Snrpd1,,,
,,,Senp1,,,,,,,,,,,,Ccdc157,,,,,,,,,,,,,,,Pbx2,,Snrpd2,,,
,,,Sec16a,,,,,,,,,,,,Slc8a1,,,,,,,,,,,,,,,Pbxip1,,Snrpe,,,
,,,Anln,,,,,,,,,,,,Gpr176,,,,,,,,,,,,,,,Pcgf2,,Snx5,,,
,,,Chfr,,,,,,,,,,,,Pftk2,,,,,,,,,,,,,,,Pclo,,Sos1,,,
,,,Slc7a8,,,,,,,,,,,,Frem1,,,,,,,,,,,,,,,Pcmtd1,,Spc24,,,
,,,Slc16a7,,,,,,,,,,,,6430601O08Rik,,,,,,,,,,,,,,,Pde1b,,Spc25,,,
,,,D030016E14Rik,,,,,,,,,,,,Slc14a2,,,,,,,,,,,,,,,Pde3b,,Spn,,,
,,,Map4k1,,,,,,,,,,,,OTTMUSG00000002043,,,,,,,,,,,,,,,Pde4dip,,Srl,,,
,,,Pofut2,,,,,,,,,,,,Ppp3r1,,,,,,,,,,,,,,,Pde6h,,Srm,,,
,,,Tbk1,,,,,,,,,,,,Bai2,,,,,,,,,,,,,,,Pde9a,,Srrt,,,
,,,Lbp,,,,,,,,,,,,Rbp4,,,,,,,,,,,,,,,Pdgfb,,Srsf2,,,
,,,8430410K20Rik,,,,,,,,,,,,Chrna1,,,,,,,,,,,,,,,Pdgfc,,Srsf3,,,
,,,Bcorl1,,,,,,,,,,,,Alg3,,,,,,,,,,,,,,,Pdk4,,Ssna1,,,
,,,Gtf3c6,,,,,,,,,,,,Cuta,,,,,,,,,,,,,,,Pdzd2,,Ssr1,,,
,,,Tnrc6b,,,,,,,,,,,,OTTMUSG00000004508,,,,,,,,,,,,,,,Pdzk1ip1,,Ssrp1,,,
,,,Cdca8,,,,,,,,,,,,Cenpc1,,,,,,,,,,,,,,,Pear1,,Ssx2ip,,,
,,,Gda,,,,,,,,,,,,Ano1,,,,,,,,,,,,,,,Per1,,St3gal5,,,
,,,Gas5,,,,,,,,,,,,Pax6,,,,,,,,,,,,,,,Pfkfb2,,Stard7,,,
,,,Dhx40,,,,,,,,,,,,Syt16,,,,,,,,,,,,,,,Pfkfb4,,Stat5a,,,
,,,Bub1b,,,,,,,,,,,,OTTMUSG00000007428,,,,,,,,,,,,,,,Pgap1,,Steap3,,,
,,,Fis1,,,,,,,,,,,,Ppia,,,,,,,,,,,,,,,Phactr1,,Stil,,,
,,,Cebpa,,,,,,,,,,,,Med28,,,,,,,,,,,,,,,Phactr2,,Stip1,,,
,,,Grn,,,,,,,,,,,,Prop1,,,,,,,,,,,,,,,Phc3,,Stk16,,,
,,,Cstf1,,,,,,,,,,,,T2,,,,,,,,,,,,,,,Phf21a,,Stmn1,,,
,,,5730419I09Rik,,,,,,,,,,,,Pbx4,,,,,,,,,,,,,,,Phlda2,,Stx11,,,
,,,Sp100,,,,,,,,,,,,Ttc25,,,,,,,,,,,,,,,Pick1,,Stx2,,,
,,,Pcyt1a,,,,,,,,,,,,Cenpe,,,,,,,,,,,,,,,Pigc,,Stx3,,,
,,,Gpx3,,,,,,,,,,,,Shank3,,,,,,,,,,,,,,,Pigp,,Suds3,,,
,,,Mrps15,,,,,,,,,,,,Armc10,,,,,,,,,,,,,,,Pik3cd,,Sumo3,,,
,,,Setdb1,,,,,,,,,,,,F630043A04Rik,,,,,,,,,,,,,,,Pik3ip1,,Supt16,,,
,,,Sec23ip,,,,,,,,,,,,Caskin2,,,,,,,,,,,,,,,Pik3r1,,Suv39h1,,,
,,,Gosr1,,,,,,,,,,,,Slbp,,,,,,,,,,,,,,,Plaat3,,Suz12,,,
,,,,,,,,,,,,,,,Fadd,,,,,,,,,,,,,,,Plcb2,,Svil,,,
,,,,,,,,,,,,,,,Pltp,,,,,,,,,,,,,,,Plcl1,,Syce2,,,
,,,,,,,,,,,,,,,Zfp474,,,,,,,,,,,,,,,Plekha2,,Syk,,,
,,,,,,,,,,,,,,,Mal2,,,,,,,,,,,,,,,Plekhg6,,Syncrip,,,
,,,,,,,,,,,,,,,Spon1,,,,,,,,,,,,,,,Plgrkt,,Tacc3,,,
,,,,,,,,,,,,,,,Adra2a,,,,,,,,,,,,,,,Plin3,,Taldo1,,,
,,,,,,,,,,,,,,,Btg4,,,,,,,,,,,,,,,Plpp2,,Tango2,,,
,,,,,,,,,,,,,,,EG621501,,,,,,,,,,,,,,,Pls3,,Taok3,,,
,,,,,,,,,,,,,,,4933402J07Rik,,,,,,,,,,,,,,,Plscr2,,Tardbp,,,
,,,,,,,,,,,,,,,L3mbtl4,,,,,,,,,,,,,,,Plscr4,,Tbc1d10b,,,
,,,,,,,,,,,,,,,Asap1,,,,,,,,,,,,,,,Plxdc2,,Tbcb,,,
,,,,,,,,,,,,,,,Eapa2,,,,,,,,,,,,,,,Plxna3,,Tcerg1,,,
,,,,,,,,,,,,,,,Cdc25a,,,,,,,,,,,,,,,Plxna4,,Tdp2,,,
,,,,,,,,,,,,,,,Impdh2,,,,,,,,,,,,,,,Plxnc1,,Tek,,,
,,,,,,,,,,,,,,,LOC674846,,,,,,,,,,,,,,,Pm20d2,,Tent5a,,,
,,,,,,,,,,,,,,,ENSMUSG00000056771,,,,,,,,,,,,,,,Pmepa1,,Tex30,,,
,,,,,,,,,,,,,,,1600027N09Rik,,,,,,,,,,,,,,,Pml,,Tex9,,,
,,,,,,,,,,,,,,,Rad54l,,,,,,,,,,,,,,,Pnck,,Tfdp1,,,
,,,,,,,,,,,,,,,Gorasp2,,,,,,,,,,,,,,,Pnisr,,Thbd,,,
,,,,,,,,,,,,,,,Cep170,,,,,,,,,,,,,,,Podxl,,Timeless,,,
,,,,,,,,,,,,,,,Rbm10,,,,,,,,,,,,,,,Pomgnt2,,Timm13,,,
,,,,,,,,,,,,,,,Nhp2l1,,,,,,,,,,,,,,,Por,,Timm50,,,
,,,,,,,,,,,,,,,Ppan,,,,,,,,,,,,,,,Porcn,,Tipin,,,
,,,,,,,,,,,,,,,EG432950,,,,,,,,,,,,,,,Pou6f1,,Tk1,,,
,,,,,,,,,,,,,,,Gucy1b2,,,,,,,,,,,,,,,Ppic,,Tln1,,,
,,,,,,,,,,,,,,,Magmas,,,,,,,,,,,,,,,Ppp1r15a,,Tm7sf3,,,
,,,,,,,,,,,,,,,a,,,,,,,,,,,,,,,Ppp1r16b,,Tmem14c,,,
,,,,,,,,,,,,,,,Iqwd1,,,,,,,,,,,,,,,Ppp1r26,,Tmem208,,,
,,,,,,,,,,,,,,,Nt5c2,,,,,,,,,,,,,,,Ppp1r9a,,Tmem258,,,
,,,,,,,,,,,,,,,Mlph,,,,,,,,,,,,,,,Ppp2r2b,,Tmem69,,,
,,,,,,,,,,,,,,,ENSMUSG00000070342,,,,,,,,,,,,,,,Ppp3r1,,Tmem97,,,
,,,,,,,,,,,,,,,Baiap2l2,,,,,,,,,,,,,,,Pptc7,,Tmpo,,,
,,,,,,,,,,,,,,,Awat1,,,,,,,,,,,,,,,Prdm16,,Tnfaip2,,,
,,,,,,,,,,,,,,,Ogn,,,,,,,,,,,,,,,Prdm16os,,Tnik,,,
,,,,,,,,,,,,,,,Lman2,,,,,,,,,,,,,,,Prex2,,Tnk2,,,
,,,,,,,,,,,,,,,Mrps25,,,,,,,,,,,,,,,Prkag2,,Top2a,,,
,,,,,,,,,,,,,,,Aqp8,,,,,,,,,,,,,,,Prkcb,,Tpcn1,,,
,,,,,,,,,,,,,,,EG668565,,,,,,,,,,,,,,,Prkce,,Tpm1,,,
,,,,,,,,,,,,,,,Zfp282,,,,,,,,,,,,,,,Prkch,,Tpst2,,,
,,,,,,,,,,,,,,,EG244229,,,,,,,,,,,,,,,Prkd1,,Tpx2,,,
,,,,,,,,,,,,,,,Six6,,,,,,,,,,,,,,,Prkd2,,Traip,,,
,,,,,,,,,,,,,,,Nucb1,,,,,,,,,,,,,,,Prkg1,,Treml1,,,
,,,,,,,,,,,,,,,Ttc29,,,,,,,,,,,,,,,Prmt6,,Trib2,,,
,,,,,,,,,,,,,,,Cdx1,,,,,,,,,,,,,,,Prnp,,Trim37,,,
,,,,,,,,,,,,,,,Spon2,,,,,,,,,,,,,,,Procr,,Trir,,,
,,,,,,,,,,,,,,,Ngly1,,,,,,,,,,,,,,,Prodh,,Troap,,,
,,,,,,,,,,,,,,,Polr3h,,,,,,,,,,,,,,,Prom2,,Tspan32,,,
,,,,,,,,,,,,,,,Nox3,,,,,,,,,,,,,,,Pros1,,Ttf2,,,
,,,,,,,,,,,,,,,ENSMUSG00000058754,,,,,,,,,,,,,,,Prpf39,,Ttk,,,
,,,,,,,,,,,,,,,EG625464,,,,,,,,,,,,,,,Prpf6,,Tuba4a,,,
,,,,,,,,,,,,,,,Zfp59,,,,,,,,,,,,,,,Prr13,,Tubb4b,,,
,,,,,,,,,,,,,,,Acyp1,,,,,,,,,,,,,,,Prr3,,Tubb5,,,
,,,,,,,,,,,,,,,Taok2,,,,,,,,,,,,,,,Prrg2,,Tube1,,,
,,,,,,,,,,,,,,,Prl2b1,,,,,,,,,,,,,,,Prune1,,Tyms,,,
,,,,,,,,,,,,,,,Rprl1,,,,,,,,,,,,,,,Prune2,,Tysnd1,,,
,,,,,,,,,,,,,,,Aldh3a1,,,,,,,,,,,,,,,Prxl2a,,U2af1,,,
,,,,,,,,,,,,,,,Deb1,,,,,,,,,,,,,,,Ptger4,,U2af2,,,
,,,,,,,,,,,,,,,1700020A23Rik,,,,,,,,,,,,,,,Ptges,,Ubald2,,,
,,,,,,,,,,,,,,,Adrb1,,,,,,,,,,,,,,,Ptgfrn,,Ubap2,,,
,,,,,,,,,,,,,,,Hist1h2ab,,,,,,,,,,,,,,,Ptk2,,Ubash3b,,,
,,,,,,,,,,,,,,,Sox17,,,,,,,,,,,,,,,Ptov1,,Ube2c,,,
,,,,,,,,,,,,,,,Ccr8,,,,,,,,,,,,,,,Ptpn18,,Ube2k,,,
,,,,,,,,,,,,,,,Enam,,,,,,,,,,,,,,,Ptprcap,,Ube2l3,,,
,,,,,,,,,,,,,,,OTTMUSG00000007322,,,,,,,,,,,,,,,Pttg1ip,,Ube2m,,,
,,,,,,,,,,,,,,,F830104G03Rik,,,,,,,,,,,,,,,Pura,,Ube2t,,,
,,,,,,,,,,,,,,,Mrps24,,,,,,,,,,,,,,,Pygl,,Ubl5,,,
,,,,,,,,,,,,,,,Pdzrn3,,,,,,,,,,,,,,,Pygm,,Ubn1,,,
,,,,,,,,,,,,,,,Iqcf1,,,,,,,,,,,,,,,Rab11fip1,,Ubr7,,,
,,,,,,,,,,,,,,,Rims2,,,,,,,,,,,,,,,Rab11fip2,,Uchl5,,,
,,,,,,,,,,,,,,,Vamp5,,,,,,,,,,,,,,,Rab11fip5,,Ucp2,,,
,,,,,,,,,,,,,,,ENSMUSG00000048936,,,,,,,,,,,,,,,Rab32,,Ufsp1,,,
,,,,,,,,,,,,,,,Itga10,,,,,,,,,,,,,,,Rab38,,Umps,,,
,,,,,,,,,,,,,,,Olfr877,,,,,,,,,,,,,,,Rab5b,,Unc119,,,
,,,,,,,,,,,,,,,Gm1968,,,,,,,,,,,,,,,Rab6b,,Ung,,,
,,,,,,,,,,,,,,,Vcpip1,,,,,,,,,,,,,,,Rai14,,Upf3a,,,
,,,,,,,,,,,,,,,Trpa1,,,,,,,,,,,,,,,Ralgds,,Uqcc2,,,
,,,,,,,,,,,,,,,Cmas,,,,,,,,,,,,,,,Rapgef3,,Uqcr10,,,
,,,,,,,,,,,,,,,Kif22,,,,,,,,,,,,,,,Rapgef4,,Uqcrc1,,,
,,,,,,,,,,,,,,,Cst9,,,,,,,,,,,,,,,Rarb,,Uqcrfs1,,,
,,,,,,,,,,,,,,,Olfr170,,,,,,,,,,,,,,,Rb1cc1,,Uqcrq,,,
,,,,,,,,,,,,,,,Cyp2c70,,,,,,,,,,,,,,,Rbbp9,,Urgcp,,,
,,,,,,,,,,,,,,,Trappc5,,,,,,,,,,,,,,,Rbfox2,,Urod,,,
,,,,,,,,,,,,,,,Cenpq,,,,,,,,,,,,,,,Rbm38,,Usp1,,,
,,,,,,,,,,,,,,,Vps29,,,,,,,,,,,,,,,Rbm5,,Usp24,,,
,,,,,,,,,,,,,,,Prph,,,,,,,,,,,,,,,Rbms2,,Usp40,,,
,,,,,,,,,,,,,,,Abcg5,,,,,,,,,,,,,,,Rbms3,,Vamp8,,,
,,,,,,,,,,,,,,,Pcbp3,,,,,,,,,,,,,,,Rbp1,,Vcam1,,,
,,,,,,,,,,,,,,,Lrrc24,,,,,,,,,,,,,,,Rbpms2,,Vdac1,,,
,,,,,,,,,,,,,,,OTTMUSG00000011546,,,,,,,,,,,,,,,Rcor2,,Vdac3,,,
,,,,,,,,,,,,,,,Col19a1,,,,,,,,,,,,,,,Rere,,Vkorc1,,,
,,,,,,,,,,,,,,,EG384482,,,,,,,,,,,,,,,Rgmb,,Vrk1,,,
,,,,,,,,,,,,,,,Ccrn4l,,,,,,,,,,,,,,,Rgs1,,Vti1b,,,
,,,,,,,,,,,,,,,Cyb5r3,,,,,,,,,,,,,,,Rgs11,,Wdfy3,,,
,,,,,,,,,,,,,,,Galp,,,,,,,,,,,,,,,Rgs7bp,,Wdhd1,,,
,,,,,,,,,,,,,,,Ndc80,,,,,,,,,,,,,,,Rhbdd2,,Wdr76,,,
,,,,,,,,,,,,,,,Aoc3,,,,,,,,,,,,,,,Rhbdf1,,Ybx3,,,
,,,,,,,,,,,,,,,Gjc2,,,,,,,,,,,,,,,Rhob,,Ywhae,,,
,,,,,,,,,,,,,,,Kcns2,,,,,,,,,,,,,,,Rhof,,Ywhag,,,
,,,,,,,,,,,,,,,Ryr3,,,,,,,,,,,,,,,Rhoj,,Ywhah,,,
,,,,,,,,,,,,,,,Trp53i13,,,,,,,,,,,,,,,Rhot2,,Zbtb3,,,
,,,,,,,,,,,,,,,Trmt6,,,,,,,,,,,,,,,Rictor,,Zc3h15,,,
,,,,,,,,,,,,,,,Hkdc1,,,,,,,,,,,,,,,Rida,,Zeb2,,,
,,,,,,,,,,,,,,,Foxn1,,,,,,,,,,,,,,,Rilp,,Zfand2b,,,
,,,,,,,,,,,,,,,Sox2,,,,,,,,,,,,,,,Rin2,,Zfp101,,,
,,,,,,,,,,,,,,,EG667193,,,,,,,,,,,,,,,Ripply3,,Zfp111,,,
,,,,,,,,,,,,,,,Hist1h1t,,,,,,,,,,,,,,,Rita1,,Zfp143,,,
,,,,,,,,,,,,,,,Carkd,,,,,,,,,,,,,,,Rnasel,,Zfp36l1,,,
,,,,,,,,,,,,,,,Arntl2,,,,,,,,,,,,,,,Rnf14,,Zfp385a,,,
,,,,,,,,,,,,,,,Aldh1a1,,,,,,,,,,,,,,,Rnf208,,Zfp518a,,,
,,,,,,,,,,,,,,,1190005I06Rik,,,,,,,,,,,,,,,Rnf24,,Zfpm1,,,
,,,,,,,,,,,,,,,Csda,,,,,,,,,,,,,,,Ro60,,Zgrf1,,,
,,,,,,,,,,,,,,,Olfr550,,,,,,,,,,,,,,,Robo4,,Zranb2,,,
,,,,,,,,,,,,,,,Ddx23,,,,,,,,,,,,,,,Rock2,,Zwilch,,,
,,,,,,,,,,,,,,,Strc,,,,,,,,,,,,,,,Rora,,Zyx,,,
,,,,,,,,,,,,,,,Itfg2,,,,,,,,,,,,,,,Rorb,,,,,
,,,,,,,,,,,,,,,Abca6,,,,,,,,,,,,,,,Rorc,,,,,
,,,,,,,,,,,,,,,ENSMUSG00000074911,,,,,,,,,,,,,,,Rpl21,,,,,
,,,,,,,,,,,,,,,EG434858,,,,,,,,,,,,,,,Rpl26,,,,,
,,,,,,,,,,,,,,,Mmp28,,,,,,,,,,,,,,,Rpl37,,,,,
,,,,,,,,,,,,,,,EG626952,,,,,,,,,,,,,,,Rplp1,,,,,
,,,,,,,,,,,,,,,EG435640,,,,,,,,,,,,,,,Rps10,,,,,
,,,,,,,,,,,,,,,Cyp4f39,,,,,,,,,,,,,,,Rps21,,,,,
,,,,,,,,,,,,,,,EG624662,,,,,,,,,,,,,,,Rps6ka6,,,,,
,,,,,,,,,,,,,,,Gmeb2,,,,,,,,,,,,,,,Rraga,,,,,
,,,,,,,,,,,,,,,Haus4,,,,,,,,,,,,,,,Rsad2,,,,,
,,,,,,,,,,,,,,,Gm705,,,,,,,,,,,,,,,Rsbn1l,,,,,
,,,,,,,,,,,,,,,Stxbp5,,,,,,,,,,,,,,,Rtkn,,,,,
,,,,,,,,,,,,,,,Chaf1a,,,,,,,,,,,,,,,Rtl5,,,,,
,,,,,,,,,,,,,,,M5C1000I18Rik,,,,,,,,,,,,,,,Rufy2,,,,,
,,,,,,,,,,,,,,,Aco2,,,,,,,,,,,,,,,Runx1t1,,,,,
,,,,,,,,,,,,,,,Cidec,,,,,,,,,,,,,,,Rwdd3,,,,,
,,,,,,,,,,,,,,,Nxph4,,,,,,,,,,,,,,,Rxra,,,,,
,,,,,,,,,,,,,,,4930512B01Rik,,,,,,,,,,,,,,,Ryk,,,,,
,,,,,,,,,,,,,,,Ddx55,,,,,,,,,,,,,,,S100a13,,,,,
,,,,,,,,,,,,,,,Olfr1320,,,,,,,,,,,,,,,S1pr1,,,,,
,,,,,,,,,,,,,,,V1rc1,,,,,,,,,,,,,,,S1pr4,,,,,
,,,,,,,,,,,,,,,Ptpn5,,,,,,,,,,,,,,,Sall2,,,,,
,,,,,,,,,,,,,,,Trmt61a,,,,,,,,,,,,,,,Samhd1,,,,,
,,,,,,,,,,,,,,,EG667519,,,,,,,,,,,,,,,Saraf,,,,,
,,,,,,,,,,,,,,,Kctd5,,,,,,,,,,,,,,,Sash1,,,,,
,,,,,,,,,,,,,,,6430548M08Rik,,,,,,,,,,,,,,,Sat1,,,,,
,,,,,,,,,,,,,,,Olfr714  // Olfr714,,,,,,,,,,,,,,,Sbf2,,,,,
,,,,,,,,,,,,,,,Cnih2,,,,,,,,,,,,,,,Scamp1,,,,,
,,,,,,,,,,,,,,,Bet1l,,,,,,,,,,,,,,,Scarf1,,,,,
,,,,,,,,,,,,,,,Dnajc9,,,,,,,,,,,,,,,Scfd2,,,,,
,,,,,,,,,,,,,,,Tm4sf19,,,,,,,,,,,,,,,Scn2a,,,,,
,,,,,,,,,,,,,,,Fermt3,,,,,,,,,,,,,,,Scrn1,,,,,
,,,,,,,,,,,,,,,Col24a1,,,,,,,,,,,,,,,Sdc2,,,,,
,,,,,,,,,,,,,,,Rpp30,,,,,,,,,,,,,,,Sdcbp,,,,,
,,,,,,,,,,,,,,,Hist1h3d,,,,,,,,,,,,,,,Sec14l1,,,,,
,,,,,,,,,,,,,,,Rpa2,,,,,,,,,,,,,,,Sel1l,,,,,
,,,,,,,,,,,,,,,G2e3,,,,,,,,,,,,,,,Selenbp1,,,,,
,,,,,,,,,,,,,,,Marveld3,,,,,,,,,,,,,,,Sema4b,,,,,
,,,,,,,,,,,,,,,Speer4f,,,,,,,,,,,,,,,Sema7a,,,,,
,,,,,,,,,,,,,,,Chrng,,,,,,,,,,,,,,,Serpina3f,,,,,
,,,,,,,,,,,,,,,Cntnap4,,,,,,,,,,,,,,,Serpinb6a,,,,,
,,,,,,,,,,,,,,,Odf3l1,,,,,,,,,,,,,,,Serpinb8,,,,,
,,,,,,,,,,,,,,,Hsd17b6,,,,,,,,,,,,,,,Serpinb9,,,,,
,,,,,,,,,,,,,,,Dctpp1,,,,,,,,,,,,,,,Sertad1,,,,,
,,,,,,,,,,,,,,,Calcr,,,,,,,,,,,,,,,Sertad2,,,,,
,,,,,,,,,,,,,,,EG546638,,,,,,,,,,,,,,,Setbp1,,,,,
,,,,,,,,,,,,,,,Padi3,,,,,,,,,,,,,,,Sfi1,,,,,
,,,,,,,,,,,,,,,AI747448,,,,,,,,,,,,,,,Sfmbt2,,,,,
,,,,,,,,,,,,,,,ENSMUSG00000071302,,,,,,,,,,,,,,,Sfrp1,,,,,
,,,,,,,,,,,,,,,Crlf2,,,,,,,,,,,,,,,Sfrp2,,,,,
,,,,,,,,,,,,,,,1110013L07Rik,,,,,,,,,,,,,,,Sft2d2,,,,,
,,,,,,,,,,,,,,,Tom1l1,,,,,,,,,,,,,,,Sgms1,,,,,
,,,,,,,,,,,,,,,Kalrn,,,,,,,,,,,,,,,Sgsm1,,,,,
,,,,,,,,,,,,,,,Pctk1,,,,,,,,,,,,,,,Sh3bp5,,,,,
,,,,,,,,,,,,,,,Smok3b,,,,,,,,,,,,,,,Sh3d21,,,,,
,,,,,,,,,,,,,,,Olfr414,,,,,,,,,,,,,,,Sh3gl3,,,,,
,,,,,,,,,,,,,,,EG653016,,,,,,,,,,,,,,,Sh3pxd2b,,,,,
,,,,,,,,,,,,,,,Thsd4,,,,,,,,,,,,,,,Shfl,,,,,
,,,,,,,,,,,,,,,Serpina1e,,,,,,,,,,,,,,,Shisa9,,,,,
,,,,,,,,,,,,,,,B930078G14Rik,,,,,,,,,,,,,,,Shprh,,,,,
,,,,,,,,,,,,,,,Olfr1419,,,,,,,,,,,,,,,Shroom2,,,,,
,,,,,,,,,,,,,,,Mcm10,,,,,,,,,,,,,,,Shroom3,,,,,
,,,,,,,,,,,,,,,Ndufb2,,,,,,,,,,,,,,,Shtn1,,,,,
,,,,,,,,,,,,,,,Olfr1328,,,,,,,,,,,,,,,Sipa1l3,,,,,
,,,,,,,,,,,,,,,OTTMUSG00000007808,,,,,,,,,,,,,,,Ski,,,,,
,,,,,,,,,,,,,,,Onecut2,,,,,,,,,,,,,,,Skil,,,,,
,,,,,,,,,,,,,,,Fbxw12,,,,,,,,,,,,,,,Skint3,,,,,
,,,,,,,,,,,,,,,E230019M04Rik,,,,,,,,,,,,,,,Sla2,,,,,
,,,,,,,,,,,,,,,Psph,,,,,,,,,,,,,,,Slamf1,,,,,
,,,,,,,,,,,,,,,4930408F14Rik  // 4930408F14Rik,,,,,,,,,,,,,,,Slamf8,,,,,
,,,,,,,,,,,,,,,Chrdl2,,,,,,,,,,,,,,,Slc12a2,,,,,
,,,,,,,,,,,,,,,Kcp,,,,,,,,,,,,,,,Slc16a2,,,,,
,,,,,,,,,,,,,,,Cml4,,,,,,,,,,,,,,,Slc17a8,,,,,
,,,,,,,,,,,,,,,Olfr570,,,,,,,,,,,,,,,Slc18a2,,,,,
,,,,,,,,,,,,,,,Prss34,,,,,,,,,,,,,,,Slc22a17,,,,,
,,,,,,,,,,,,,,,LOC236598,,,,,,,,,,,,,,,Slc25a44,,,,,
,,,,,,,,,,,,,,,Olfr661,,,,,,,,,,,,,,,Slc25a45,,,,,
,,,,,,,,,,,,,,,2410080I02Rik,,,,,,,,,,,,,,,Slc2a3,,,,,
,,,,,,,,,,,,,,,OTTMUSG00000011061,,,,,,,,,,,,,,,Slc30a4,,,,,
,,,,,,,,,,,,,,,Zfp511,,,,,,,,,,,,,,,Slc35f5,,,,,
,,,,,,,,,,,,,,,H1fx,,,,,,,,,,,,,,,Slc37a1,,,,,
,,,,,,,,,,,,,,,Olfr381,,,,,,,,,,,,,,,Slc39a13,,,,,
,,,,,,,,,,,,,,,AU021092,,,,,,,,,,,,,,,Slc48a1,,,,,
,,,,,,,,,,,,,,,Pnpla6,,,,,,,,,,,,,,,Slc6a15,,,,,
,,,,,,,,,,,,,,,Emd,,,,,,,,,,,,,,,Slc7a11,,,,,
,,,,,,,,,,,,,,,Defb45,,,,,,,,,,,,,,,Slc7a4,,,,,
,,,,,,,,,,,,,,,Lhfp,,,,,,,,,,,,,,,Slfn2,,,,,
,,,,,,,,,,,,,,,Optn,,,,,,,,,,,,,,,Slfn5,,,,,
,,,,,,,,,,,,,,,EG667078,,,,,,,,,,,,,,,Slu7,,,,,
,,,,,,,,,,,,,,,Clec2g,,,,,,,,,,,,,,,Smagp,,,,,
,,,,,,,,,,,,,,,Foxo4,,,,,,,,,,,,,,,Smarca2,,,,,
,,,,,,,,,,,,,,,Ctnnb1,,,,,,,,,,,,,,,Smim6,,,,,
,,,,,,,,,,,,,,,Gap43,,,,,,,,,,,,,,,Smpdl3a,,,,,
,,,,,,,,,,,,,,,Mcm3,,,,,,,,,,,,,,,Smpdl3b,,,,,
,,,,,,,,,,,,,,,Gstm5,,,,,,,,,,,,,,,Smtnl1,,,,,
,,,,,,,,,,,,,,,Olfr531,,,,,,,,,,,,,,,Sncaip,,,,,
,,,,,,,,,,,,,,,9030224M15Rik,,,,,,,,,,,,,,,Snhg12,,,,,
,,,,,,,,,,,,,,,Olfr1359,,,,,,,,,,,,,,,Snhg8,,,,,
,,,,,,,,,,,,,,,Rspo1,,,,,,,,,,,,,,,Snx1,,,,,
,,,,,,,,,,,,,,,Aspscr1,,,,,,,,,,,,,,,Snx24,,,,,
,,,,,,,,,,,,,,,4933416E03Rik,,,,,,,,,,,,,,,Socs1,,,,,
,,,,,,,,,,,,,,,Car2,,,,,,,,,,,,,,,Socs2,,,,,
,,,,,,,,,,,,,,,Fpr-rs6,,,,,,,,,,,,,,,Socs6,,,,,
,,,,,,,,,,,,,,,Hdac10,,,,,,,,,,,,,,,Socs7,,,,,
,,,,,,,,,,,,,,,Vil1,,,,,,,,,,,,,,,Soga1,,,,,
,,,,,,,,,,,,,,,Polh,,,,,,,,,,,,,,,Sorbs1,,,,,
,,,,,,,,,,,,,,,Lzts1,,,,,,,,,,,,,,,Sord,,,,,
,,,,,,,,,,,,,,,Nup107,,,,,,,,,,,,,,,Sox18,,,,,
,,,,,,,,,,,,,,,Mobkl1a,,,,,,,,,,,,,,,Spata1,,,,,
,,,,,,,,,,,,,,,A230074B11Rik,,,,,,,,,,,,,,,Spata13,,,,,
,,,,,,,,,,,,,,,Casc4,,,,,,,,,,,,,,,Specc1l,,,,,
,,,,,,,,,,,,,,,Grik1,,,,,,,,,,,,,,,Speg,,,,,
,,,,,,,,,,,,,,,Crtac1,,,,,,,,,,,,,,,Spo11,,,,,
,,,,,,,,,,,,,,,Mapkap1,,,,,,,,,,,,,,,Sptbn2,,,,,
,,,,,,,,,,,,,,,ENSMUSG00000019985,,,,,,,,,,,,,,,Src,,,,,
,,,,,,,,,,,,,,,Cct6b,,,,,,,,,,,,,,,Srek1,,,,,
,,,,,,,,,,,,,,,Gpr87,,,,,,,,,,,,,,,Srgap3,,,,,
,,,,,,,,,,,,,,,Sfrp4,,,,,,,,,,,,,,,Srsf5,,,,,
,,,,,,,,,,,,,,,Eif1ay,,,,,,,,,,,,,,,Ssbp3,,,,,
,,,,,,,,,,,,,,,Hist1h2bg,,,,,,,,,,,,,,,St3gal1,,,,,
,,,,,,,,,,,,,,,2810433K01Rik,,,,,,,,,,,,,,,St3gal2,,,,,
,,,,,,,,,,,,,,,Gjb5,,,,,,,,,,,,,,,St3gal6,,,,,
,,,,,,,,,,,,,,,Mafa,,,,,,,,,,,,,,,Stard13,,,,,
,,,,,,,,,,,,,,,Qtrt1,,,,,,,,,,,,,,,Stard4,,,,,
,,,,,,,,,,,,,,,EG383436,,,,,,,,,,,,,,,Stat1,,,,,
,,,,,,,,,,,,,,,ENSMUSG00000026654,,,,,,,,,,,,,,,Stat4,,,,,
,,,,,,,,,,,,,,,Stat5b,,,,,,,,,,,,,,,Stxbp1,,,,,
,,,,,,,,,,,,,,,C4bp,,,,,,,,,,,,,,,Stxbp2,,,,,
,,,,,,,,,,,,,,,EG665661,,,,,,,,,,,,,,,Stxbp5,,,,,
,,,,,,,,,,,,,,,Rnf186,,,,,,,,,,,,,,,Sult1a1,,,,,
,,,,,,,,,,,,,,,6430537H07Rik,,,,,,,,,,,,,,,Sun1,,,,,
,,,,,,,,,,,,,,,Speg,,,,,,,,,,,,,,,Syde1,,,,,
,,,,,,,,,,,,,,,Qrfpr,,,,,,,,,,,,,,,Syne1,,,,,
,,,,,,,,,,,,,,,Fgf10,,,,,,,,,,,,,,,Syne2,,,,,
,,,,,,,,,,,,,,,Uqcrc1,,,,,,,,,,,,,,,Syngr1,,,,,
,,,,,,,,,,,,,,,BC034902,,,,,,,,,,,,,,,Syt11,,,,,
,,,,,,,,,,,,,,,6720463M24Rik,,,,,,,,,,,,,,,Sytl5,,,,,
,,,,,,,,,,,,,,,Pnet-ps,,,,,,,,,,,,,,,Taf9b,,,,,
,,,,,,,,,,,,,,,Cramp1l,,,,,,,,,,,,,,,Tal1,,,,,
,,,,,,,,,,,,,,,AU040829,,,,,,,,,,,,,,,Taz,,,,,
,,,,,,,,,,,,,,,ENSMUSG00000046620,,,,,,,,,,,,,,,Tbc1d12,,,,,
,,,,,,,,,,,,,,,EG381852,,,,,,,,,,,,,,,Tbc1d16,,,,,
,,,,,,,,,,,,,,,Olfr1087,,,,,,,,,,,,,,,Tbkbp1,,,,,
,,,,,,,,,,,,,,,Tsfm,,,,,,,,,,,,,,,Tbxas1,,,,,
,,,,,,,,,,,,,,,Olfr976,,,,,,,,,,,,,,,Tcaf2,,,,,
,,,,,,,,,,,,,,,Rbpjl,,,,,,,,,,,,,,,Tceal3,,,,,
,,,,,,,,,,,,,,,Dars2,,,,,,,,,,,,,,,Tceal5,,,,,
,,,,,,,,,,,,,,,Banf2,,,,,,,,,,,,,,,Tceal8,,,,,
,,,,,,,,,,,,,,,Slc6a18,,,,,,,,,,,,,,,Tcf15,,,,,
,,,,,,,,,,,,,,,Rpe,,,,,,,,,,,,,,,Tcf25,,,,,
,,,,,,,,,,,,,,,ENSMUSG00000075556,,,,,,,,,,,,,,,Tcf7l1,,,,,
,,,,,,,,,,,,,,,C230094A16Rik,,,,,,,,,,,,,,,Tdrd7,,,,,
,,,,,,,,,,,,,,,Slc8a2,,,,,,,,,,,,,,,Tead2,,,,,
,,,,,,,,,,,,,,,3300002A11Rik,,,,,,,,,,,,,,,Tecpr1,,,,,
,,,,,,,,,,,,,,,Kcnv2,,,,,,,,,,,,,,,Tgfb3,,,,,
,,,,,,,,,,,,,,,Tceb2,,,,,,,,,,,,,,,Tgfbr3,,,,,
,,,,,,,,,,,,,,,Mmd2,,,,,,,,,,,,,,,Tgm2,,,,,
,,,,,,,,,,,,,,,Cntn1,,,,,,,,,,,,,,,Tgtp1,,,,,
,,,,,,,,,,,,,,,Foxb1,,,,,,,,,,,,,,,Tgtp2,,,,,
,,,,,,,,,,,,,,,Hs1bp3,,,,,,,,,,,,,,,Thrb,,,,,
,,,,,,,,,,,,,,,Rbpms2,,,,,,,,,,,,,,,Thsd4,,,,,
,,,,,,,,,,,,,,,Olfr150,,,,,,,,,,,,,,,Tie1,,,,,
,,,,,,,,,,,,,,,Cnksr1,,,,,,,,,,,,,,,Timp2,,,,,
,,,,,,,,,,,,,,,Atp5g1,,,,,,,,,,,,,,,Timp3,,,,,
,,,,,,,,,,,,,,,Mbd3l1,,,,,,,,,,,,,,,Tinagl1,,,,,
,,,,,,,,,,,,,,,Sephs2,,,,,,,,,,,,,,,Tk2,,,,,
,,,,,,,,,,,,,,,V1rd2,,,,,,,,,,,,,,,Tle2,,,,,
,,,,,,,,,,,,,,,C1qa,,,,,,,,,,,,,,,Tle6,,,,,
,,,,,,,,,,,,,,,Galk1,,,,,,,,,,,,,,,Tlr3,,,,,
,,,,,,,,,,,,,,,EG620161,,,,,,,,,,,,,,,Tmcc1,,,,,
,,,,,,,,,,,,,,,Lpcat3,,,,,,,,,,,,,,,Tmem100,,,,,
,,,,,,,,,,,,,,,Ube2t,,,,,,,,,,,,,,,Tmem158,,,,,
,,,,,,,,,,,,,,,Sh3bp4,,,,,,,,,,,,,,,Tmem163,,,,,
,,,,,,,,,,,,,,,Igf2bp2,,,,,,,,,,,,,,,Tmem246,,,,,
,,,,,,,,,,,,,,,Eif4ebp3,,,,,,,,,,,,,,,Tmem38b,,,,,
,,,,,,,,,,,,,,,EG667360,,,,,,,,,,,,,,,Tmem42,,,,,
,,,,,,,,,,,,,,,E230025N22Rik,,,,,,,,,,,,,,,Tmem45a,,,,,
,,,,,,,,,,,,,,,Magea9,,,,,,,,,,,,,,,Tmem56,,,,,
,,,,,,,,,,,,,,,Rbx1,,,,,,,,,,,,,,,Tmem63a,,,,,
,,,,,,,,,,,,,,,Telo2,,,,,,,,,,,,,,,Tmem63b,,,,,
,,,,,,,,,,,,,,,Dennd2c,,,,,,,,,,,,,,,Tmem8,,,,,
,,,,,,,,,,,,,,,Ccdc27,,,,,,,,,,,,,,,Tmem87b,,,,,
,,,,,,,,,,,,,,,Fam132a,,,,,,,,,,,,,,,Tmie,,,,,
,,,,,,,,,,,,,,,A530021J07Rik,,,,,,,,,,,,,,,Tmod3,,,,,
,,,,,,,,,,,,,,,Ppp1r14d,,,,,,,,,,,,,,,Tmtc2,,,,,
,,,,,,,,,,,,,,,OTTMUSG00000011757,,,,,,,,,,,,,,,Tmx4,,,,,
,,,,,,,,,,,,,,,Ngf,,,,,,,,,,,,,,,Tnfrsf25,,,,,
,,,,,,,,,,,,,,,Cdc37,,,,,,,,,,,,,,,Tnip2,,,,,
,,,,,,,,,,,,,,,Olfr1141,,,,,,,,,,,,,,,Tnip3,,,,,
,,,,,,,,,,,,,,,Gpld1,,,,,,,,,,,,,,,Tnrc6a,,,,,
,,,,,,,,,,,,,,,Dnalc4,,,,,,,,,,,,,,,Tns1,,,,,
,,,,,,,,,,,,,,,Olfr1441,,,,,,,,,,,,,,,Tns2,,,,,
,,,,,,,,,,,,,,,Ttc39a,,,,,,,,,,,,,,,Tom1l2,,,,,
,,,,,,,,,,,,,,,Fam108a,,,,,,,,,,,,,,,Tor4a,,,,,
,,,,,,,,,,,,,,,Slc16a14,,,,,,,,,,,,,,,Tox,,,,,
,,,,,,,,,,,,,,,Slamf1,,,,,,,,,,,,,,,Traf1,,,,,
,,,,,,,,,,,,,,,Nrg1,,,,,,,,,,,,,,,Trib3,,,,,
,,,,,,,,,,,,,,,Scnn1g,,,,,,,,,,,,,,,Trim12a,,,,,
,,,,,,,,,,,,,,,,,,,,,,,,,,,,,,Trim30b,,,,,
,,,,,,,,,,,,,,,,,,,,,,,,,,,,,,Trim30d,,,,,
,,,,,,,,,,,,,,,,,,,,,,,,,,,,,,Trim34a,,,,,
,,,,,,,,,,,,,,,,,,,,,,,,,,,,,,Trim46,,,,,
,,,,,,,,,,,,,,,,,,,,,,,,,,,,,,Trim47,,,,,
,,,,,,,,,,,,,,,,,,,,,,,,,,,,,,Trim6,,,,,
,,,,,,,,,,,,,,,,,,,,,,,,,,,,,,Trim68,,,,,
,,,,,,,,,,,,,,,,,,,,,,,,,,,,,,Tro,,,,,
,,,,,,,,,,,,,,,,,,,,,,,,,,,,,,Trpc6,,,,,
,,,,,,,,,,,,,,,,,,,,,,,,,,,,,,Tsc22d1,,,,,
,,,,,,,,,,,,,,,,,,,,,,,,,,,,,,Tsc22d3,,,,,
,,,,,,,,,,,,,,,,,,,,,,,,,,,,,,Tspan12,,,,,
,,,,,,,,,,,,,,,,,,,,,,,,,,,,,,Tspan14,,,,,
,,,,,,,,,,,,,,,,,,,,,,,,,,,,,,Tspan3,,,,,
,,,,,,,,,,,,,,,,,,,,,,,,,,,,,,Tspyl4,,,,,
,,,,,,,,,,,,,,,,,,,,,,,,,,,,,,Ttc14,,,,,
,,,,,,,,,,,,,,,,,,,,,,,,,,,,,,Ttc28,,,,,
,,,,,,,,,,,,,,,,,,,,,,,,,,,,,,Ttc39b,,,,,
,,,,,,,,,,,,,,,,,,,,,,,,,,,,,,Ttc8,,,,,
,,,,,,,,,,,,,,,,,,,,,,,,,,,,,,Txnip,,,,,
,,,,,,,,,,,,,,,,,,,,,,,,,,,,,,Uba7,,,,,
,,,,,,,,,,,,,,,,,,,,,,,,,,,,,,Ubqln2,,,,,
,,,,,,,,,,,,,,,,,,,,,,,,,,,,,,Ubr4,,,,,
,,,,,,,,,,,,,,,,,,,,,,,,,,,,,,Ugt8a,,,,,
,,,,,,,,,,,,,,,,,,,,,,,,,,,,,,Ulk1,,,,,
,,,,,,,,,,,,,,,,,,,,,,,,,,,,,,Ulk3,,,,,
,,,,,,,,,,,,,,,,,,,,,,,,,,,,,,Unc13b,,,,,
,,,,,,,,,,,,,,,,,,,,,,,,,,,,,,Unc13d,,,,,
,,,,,,,,,,,,,,,,,,,,,,,,,,,,,,Unc45b,,,,,
,,,,,,,,,,,,,,,,,,,,,,,,,,,,,,Unc79,,,,,
,,,,,,,,,,,,,,,,,,,,,,,,,,,,,,Upf2,,,,,
,,,,,,,,,,,,,,,,,,,,,,,,,,,,,,Upp1,,,,,
,,,,,,,,,,,,,,,,,,,,,,,,,,,,,,Usb1,,,,,
,,,,,,,,,,,,,,,,,,,,,,,,,,,,,,Use1,,,,,
,,,,,,,,,,,,,,,,,,,,,,,,,,,,,,Usp27x,,,,,
,,,,,,,,,,,,,,,,,,,,,,,,,,,,,,Usp32,,,,,
,,,,,,,,,,,,,,,,,,,,,,,,,,,,,,Usp54,,,,,
,,,,,,,,,,,,,,,,,,,,,,,,,,,,,,Utrn,,,,,
,,,,,,,,,,,,,,,,,,,,,,,,,,,,,,Uvssa,,,,,
,,,,,,,,,,,,,,,,,,,,,,,,,,,,,,Vat1,,,,,
,,,,,,,,,,,,,,,,,,,,,,,,,,,,,,Vdr,,,,,
,,,,,,,,,,,,,,,,,,,,,,,,,,,,,,Vegfa,,,,,
,,,,,,,,,,,,,,,,,,,,,,,,,,,,,,Vipr2,,,,,
,,,,,,,,,,,,,,,,,,,,,,,,,,,,,,Vmac,,,,,
,,,,,,,,,,,,,,,,,,,,,,,,,,,,,,Vnn1,,,,,
,,,,,,,,,,,,,,,,,,,,,,,,,,,,,,Vps37d,,,,,
,,,,,,,,,,,,,,,,,,,,,,,,,,,,,,Vwf,,,,,
,,,,,,,,,,,,,,,,,,,,,,,,,,,,,,Wbp1l,,,,,
,,,,,,,,,,,,,,,,,,,,,,,,,,,,,,Wdr13,,,,,
,,,,,,,,,,,,,,,,,,,,,,,,,,,,,,Wfdc2,,,,,
,,,,,,,,,,,,,,,,,,,,,,,,,,,,,,Wls,,,,,
,,,,,,,,,,,,,,,,,,,,,,,,,,,,,,Wtip,,,,,
,,,,,,,,,,,,,,,,,,,,,,,,,,,,,,Wwc2,,,,,
,,,,,,,,,,,,,,,,,,,,,,,,,,,,,,Wwtr1,,,,,
,,,,,,,,,,,,,,,,,,,,,,,,,,,,,,Xk,,,,,
,,,,,,,,,,,,,,,,,,,,,,,,,,,,,,Xkrx,,,,,
,,,,,,,,,,,,,,,,,,,,,,,,,,,,,,Ypel2,,,,,
,,,,,,,,,,,,,,,,,,,,,,,,,,,,,,Ypel3,,,,,
,,,,,,,,,,,,,,,,,,,,,,,,,,,,,,Zadh2,,,,,
,,,,,,,,,,,,,,,,,,,,,,,,,,,,,,Zbtb20,,,,,
,,,,,,,,,,,,,,,,,,,,,,,,,,,,,,Zbtb4,,,,,
,,,,,,,,,,,,,,,,,,,,,,,,,,,,,,Zc2hc1a,,,,,
,,,,,,,,,,,,,,,,,,,,,,,,,,,,,,Zc3h6,,,,,
,,,,,,,,,,,,,,,,,,,,,,,,,,,,,,Zc3h7b,,,,,
,,,,,,,,,,,,,,,,,,,,,,,,,,,,,,Zcchc14,,,,,
,,,,,,,,,,,,,,,,,,,,,,,,,,,,,,Zcchc3,,,,,
,,,,,,,,,,,,,,,,,,,,,,,,,,,,,,Zdbf2,,,,,
,,,,,,,,,,,,,,,,,,,,,,,,,,,,,,Zfand3,,,,,
,,,,,,,,,,,,,,,,,,,,,,,,,,,,,,Zfand5,,,,,
,,,,,,,,,,,,,,,,,,,,,,,,,,,,,,Zfand6,,,,,
,,,,,,,,,,,,,,,,,,,,,,,,,,,,,,Zfhx3,,,,,
,,,,,,,,,,,,,,,,,,,,,,,,,,,,,,Zfp281,,,,,
,,,,,,,,,,,,,,,,,,,,,,,,,,,,,,Zfp317,,,,,
,,,,,,,,,,,,,,,,,,,,,,,,,,,,,,Zfp318,,,,,
,,,,,,,,,,,,,,,,,,,,,,,,,,,,,,Zfp37,,,,,
,,,,,,,,,,,,,,,,,,,,,,,,,,,,,,Zfp467,,,,,
,,,,,,,,,,,,,,,,,,,,,,,,,,,,,,Zfp516,,,,,
,,,,,,,,,,,,,,,,,,,,,,,,,,,,,,Zfp612,,,,,
,,,,,,,,,,,,,,,,,,,,,,,,,,,,,,Zfp780b,,,,,
,,,,,,,,,,,,,,,,,,,,,,,,,,,,,,Zfp827,,,,,
,,,,,,,,,,,,,,,,,,,,,,,,,,,,,,Zfp867,,,,,
,,,,,,,,,,,,,,,,,,,,,,,,,,,,,,Zfp870,,,,,
,,,,,,,,,,,,,,,,,,,,,,,,,,,,,,Zfp90,,,,,
,,,,,,,,,,,,,,,,,,,,,,,,,,,,,,Zfp950,,,,,
,,,,,,,,,,,,,,,,,,,,,,,,,,,,,,Zfp979,,,,,
,,,,,,,,,,,,,,,,,,,,,,,,,,,,,,Zrsr1,,,,,
,,,,,,,,,,,,,,,,,,,,,,,,,,,,,,Zswim6,,,,,